60, 40,4.8241381645
61, 41,3.6034481525
61, 42,4.1413793563
61, 43,5.3275861740
61, 44,4.2517242431
61, 45,4.3137931823
61, 46,5.1827583312
61, 47,6.3586206436
61, 48,4.2896552085
61, 49,6.8206892013
61, 50,6.6827583312
61, 51,8.2724132537
61, 52,8.1724128723
61, 53,8.2413797378
61, 54,8.3103446960
61, 55,18.0413780212
61, 56,18.3517246246
61, 57,18.2275848388
61, 58,12.2758617401
61, 59,12.3000001907
61, 60,18.4655189514
61, 61,18.5137939453
61, 62,12.1793098449
61, 63,12.4172410964
61, 64,18.7689647674
61, 65,18.9965515136
61, 66,19.0275859832
61, 67,15.3034486770
61, 68,19.1758613586
61, 69,19.3103446960
61, 70,19.6103439331
61, 71,19.4551715850
61, 72,19.4724140167
61, 73,19.5448265075
61, 74,19.7551727294
61, 75,20.1137924194
61, 76,20.5517234802
61, 77,20.3689651489
61, 78,21.0655174255
61, 79,21.1793098449
61, 80,21.1965522766
61, 81,22.0482749938
61, 82,22.1482772827
61, 83,203.0689544677
61, 84,219.8931121826
61, 85,78.0310363769
61, 86,43.9896545410
61, 87,106.1896514892
61, 88,103.5931015014
61, 89,65.7241363525
61, 90,65.4827499389
61, 91,66.0241317749
61, 92,107.7379379272
61, 93,112.7655258178
61, 94,66.6724166870
61, 95,93.7206878662
61, 96,150.6241302490
61, 97,175.8241271972
61, 98,219.8999938964
61, 99,185.5551757812
61, 100,158.3586120605
62, 99,219.7792968750
62, 98,176.2931060791
62, 97,219.8965301513
62, 96,186.5241394042
62, 95,159.6275939941
62, 94,159.8034515380
62, 93,94.3620681762
62, 92,145.4241333007
62, 91,66.6379318237
62, 90,66.5448303222
62, 89,113.1517181396
62, 88,66.1275863647
62, 87,65.5517196655
62, 86,65.3793106079
62, 85,65.9275817871
62, 84,66.1551742553
62, 83,161.7310333251
62, 82,125.9241333007
62, 81,71.8241348266
62, 80,62.7413825988
62, 79,21.7793102264
62, 78,78.3758621215
62, 77,21.3275852203
62, 76,21.2689666748
62, 75,21.0379314422
62, 74,21.1655178070
62, 73,21.0172424316
62, 72,20.8310356140
62, 71,20.1551723480
62, 70,16.4344825744
62, 69,19.8482761383
62, 68,19.8931026458
62, 67,19.5310363769
62, 66,19.4344825744
62, 65,19.4034481048
62, 64,19.2931022644
62, 63,18.9689655303
62, 62,18.8172416687
62, 61,18.8655166625
62, 60,18.8206901550
62, 59,18.3068962097
62, 58,5.7206892967
62, 57,5.7413797378
62, 56,8.7620687484
62, 55,5.6379308700
62, 54,5.7034482955
62, 53,5.6379308700
62, 52,5.6275863647
62, 51,5.5965518951
62, 50,8.5758619308
62, 49,11.6034488677
62, 48,2.5344827175
62, 47,4.5172414779
62, 46,4.5172414779
62, 45,4.4275860786
62, 44,7.2206892967
62, 43,7.2620687484
62, 42,6.6862068176
62, 41,5.3482756614
62, 40,6.2344827651
63, 41,6.4344825744
63, 42,5.3448271751
63, 43,6.3689656257
63, 44,5.2862062454
63, 45,5.2758622169
63, 46,5.3310346603
63, 47,6.3655171394
63, 48,5.4862070083
63, 49,6.9620690345
63, 50,7.1482758522
63, 51,3.4724135398
63, 52,3.0965516567
63, 53,11.9310340881
63, 54,11.9241371154
63, 55,5.6068964004
63, 56,14.6758623123
63, 57,5.6793103218
63, 58,17.8620700836
63, 59,8.3172397613
63, 60,17.9758644104
63, 61,5.6965517997
63, 62,8.8137922286
63, 63,12.2379302978
63, 64,18.3724136352
63, 65,12.3310337066
63, 66,18.9241371154
63, 67,18.7344818115
63, 68,12.4758625030
63, 69,19.3689670562
63, 70,19.4137916564
63, 71,19.4620685577
63, 72,19.3103446960
63, 73,19.2172431945
63, 74,19.6413784027
63, 75,19.5310344696
63, 76,20.3206901550
63, 77,20.4068965911
63, 78,20.8379306793
63, 79,21.0724143981
63, 80,21.2000007629
63, 81,21.2586212158
63, 82,21.7310352325
63, 83,21.7172431945
63, 84,86.7758636474
63, 85,65.5206909179
63, 86,65.8655242919
63, 87,65.6482772827
63, 88,66.1172409057
63, 89,65.7241363525
63, 90,65.8413772583
63, 91,65.7551727294
63, 92,66.5137939453
63, 93,102.2344818115
63, 94,133.7793121337
63, 95,162.0241394042
63, 96,160.6000061035
63, 97,146.4413757324
63, 98,183.4517211914
63, 99,146.5965576171
63, 100,183.8896484375
64, 99,216.8413848876
64, 98,181.0482788085
64, 97,159.6448211669
64, 96,173.2137908935
64, 95,137.9586181640
64, 94,76.9586257934
64, 93,81.2689666748
64, 92,105.4793090820
64, 91,66.3655242919
64, 90,66.1344833374
64, 89,66.1551666259
64, 88,66.4827651977
64, 87,65.6206893920
64, 86,65.8448257446
64, 85,65.5344848632
64, 84,65.6172409057
64, 83,65.3275909423
64, 82,95.0655136108
64, 81,58.7482795715
64, 80,21.6931037902
64, 79,21.6310329437
64, 78,21.5931015014
64, 77,21.9206886291
64, 76,22.0344829559
64, 75,21.1137924194
64, 74,20.6275844573
64, 73,20.1724128723
64, 72,20.1931037902
64, 71,19.9344825744
64, 70,19.6758613586
64, 69,19.6241397857
64, 68,19.5068969726
64, 67,19.2896537780
64, 66,15.6965513229
64, 65,19.2103443145
64, 64,18.2310333251
64, 63,15.1241378784
64, 62,15.0275859832
64, 61,15.2172412872
64, 60,8.8620691299
64, 59,15.0413789749
64, 58,8.5068960189
64, 57,18.0413780212
64, 56,18.0241355895
64, 55,5.5620689392
64, 54,5.5862069129
64, 53,5.5586204528
64, 52,18.1206893920
64, 51,5.5206899642
64, 50,11.7068967819
64, 49,8.2689657211
64, 48,8.4241380691
64, 47,3.5586209297
64, 46,3.4758620262
64, 45,3.2448272705
64, 44,3.0827586650
64, 43,7.1344833374
64, 42,6.7172417640
64, 41,5.1862068176
64, 40,6.2724142074
65, 41,5.1551723480
65, 42,6.4896554946
65, 43,5.4034485816
65, 44,5.3103451728
65, 45,4.2896552085
65, 46,4.2586202621
65, 47,2.7620689868
65, 48,2.9655172348
65, 49,4.0413794517
65, 50,5.0586209297
65, 51,3.1689653396
65, 52,2.9172412872
65, 53,10.4586210250
65, 54,18.9896545410
65, 55,4.7517242431
65, 56,17.2068958282
65, 57,5.3758621215
65, 58,5.1965517997
65, 59,8.0793094635
65, 60,17.5896549224
65, 61,5.5344829559
65, 62,8.4724140167
65, 63,8.5068960189
65, 64,8.4068965911
65, 65,8.5551719665
65, 66,8.7896556854
65, 67,12.1999998092
65, 68,12.3172407150
65, 69,18.2551727294
65, 70,5.9793100357
65, 71,15.7034473419
65, 72,19.1448287963
65, 73,15.5827579498
65, 74,19.1586208343
65, 75,19.4551734924
65, 76,19.6965522766
65, 77,20.2310333251
65, 78,20.2896556854
65, 79,20.4551734924
65, 80,20.4068965911
65, 81,20.8931045532
65, 82,21.7517242431
65, 83,21.6827583312
65, 84,21.8206901550
65, 85,22.1862068176
65, 86,39.4344825744
65, 87,39.8517227172
65, 88,65.6655197143
65, 89,65.2344818115
65, 90,65.8517227172
65, 91,65.6137924194
65, 92,65.9034500122
65, 93,66.0793151855
65, 94,66.4896545410
65, 95,65.8172454833
65, 96,66.3758621215
65, 97,65.6862030029
65, 98,66.2172393798
65, 99,66.8931045532
65, 100,139.9034423828
66, 99,172.7827453613
66, 98,129.7724151611
66, 97,112.8586196899
66, 96,42.6310348510
66, 95,66.3517227172
66, 94,66.5448303222
66, 93,66.3172454833
66, 92,53.3413810729
66, 91,66.0999984741
66, 90,66.0655136108
66, 89,66.5068969726
66, 88,66.0344772338
66, 87,65.5586166381
66, 86,65.6551742553
66, 85,65.6413726806
66, 84,65.6137924194
66, 83,39.8034477233
66, 82,32.8586196899
66, 81,21.6137924194
66, 80,21.4241371154
66, 79,21.4793090820
66, 78,21.8206901550
66, 77,20.9896545410
66, 76,20.7344818115
66, 75,20.3448276519
66, 74,19.8724136352
66, 73,19.7241382598
66, 72,19.7275886535
66, 71,19.5517253875
66, 70,19.5206909179
66, 69,15.5172405242
66, 68,18.9965515136
66, 67,19.2896537780
66, 66,19.1551723480
66, 65,18.9344825744
66, 64,18.1241378784
66, 63,18.2344837188
66, 62,8.5965518951
66, 61,18.2896556854
66, 60,5.7034482955
66, 59,14.5931034088
66, 58,4.9758620262
66, 57,5.3827586174
66, 56,5.2310342788
66, 55,4.8068966865
66, 54,5.1379308700
66, 53,5.0586204528
66, 52,5.1068964004
66, 51,4.4724140167
66, 50,5.0206899642
66, 49,5.1965513229
66, 48,8.4206895828
66, 47,7.9586195945
66, 46,8.0482749938
66, 45,7.7379312515
66, 44,7.1172409057
66, 43,2.5655169486
66, 42,3.0103447437
66, 41,5.4689655303
66, 40,3.5206894874
67, 41,3.1103446483
67, 42,4.1827588081
67, 43,5.1068964004
67, 44,3.3344826698
67, 45,3.4379310607
67, 46,4.5655174255
67, 47,4.2965517044
67, 48,3.5068964958
67, 49,6.5689649581
67, 50,7.8586206436
67, 51,5.6379308700
67, 52,8.1310348510
67, 53,2.4172413349
67, 54,12.1793107986
67, 55,4.9344825744
67, 56,4.9275865554
67, 57,5.0448274612
67, 58,5.0275864601
67, 59,4.7172412872
67, 60,5.1931033134
67, 61,5.3517241477
67, 62,8.2413787841
67, 63,8.2724132537
67, 64,5.3793101310
67, 65,5.4620690345
67, 66,18.0758628845
67, 67,14.6275863647
67, 68,14.7931032180
67, 69,18.2896537780
67, 70,18.2551727294
67, 71,19.0103454589
67, 72,19.0620689392
67, 73,6.0413789749
67, 74,19.1379299163
67, 75,15.7413806915
67, 76,16.4103450775
67, 77,20.4517250061
67, 78,20.2241401672
67, 79,20.6034488677
67, 80,20.5517234802
67, 81,20.6862068176
67, 82,20.4896564483
67, 83,21.5758628845
67, 84,15.7482757568
67, 85,21.6172409057
67, 86,21.4931049346
67, 87,30.2896537780
67, 88,24.5068969726
67, 89,31.1586189270
67, 90,65.4965591430
67, 91,65.7310333251
67, 92,65.9551773071
67, 93,101.2034454345
67, 94,66.2344818115
67, 95,48.7034530639
67, 96,118.1827545166
67, 97,126.6241455078
67, 98,126.5482788085
67, 99,66.4275894165
67, 100,145.8999938964
68, 99,93.4103469848
68, 98,94.9724197387
68, 97,113.2827529907
68, 96,53.6103439331
68, 95,66.1034545898
68, 94,66.1758575439
68, 93,66.3069000244
68, 92,99.8103408813
68, 91,66.1068954467
68, 90,66.1862030029
68, 89,66.1068954467
68, 88,66.1482772827
68, 87,65.7103500366
68, 86,65.8827590942
68, 85,65.4482803344
68, 84,22.5448284149
68, 83,30.9344844818
68, 82,27.1241397857
68, 81,21.4482765197
68, 80,21.3172397613
68, 79,21.3827590942
68, 78,21.1689643859
68, 77,20.6000003814
68, 76,20.0931034088
68, 75,20.1241378784
68, 74,20.1965522766
68, 73,19.9172420501
68, 72,19.5896549224
68, 71,12.8689651489
68, 70,9.1000003814
68, 69,9.0827579498
68, 68,12.7068967819
68, 67,9.0620689392
68, 66,9.0344829559
68, 65,5.7827582359
68, 64,8.6620693206
68, 63,11.8620681762
68, 62,5.5517244338
68, 61,8.3689651489
68, 60,5.4724140167
68, 59,5.2137932777
68, 58,5.2275857925
68, 57,8.1896553039
68, 56,8.1206893920
68, 55,17.3551731109
68, 54,17.3344821929
68, 53,7.6827583312
68, 52,10.7517242431
68, 51,4.4999995231
68, 50,7.7758612632
68, 49,12.0379314422
68, 48,12.1034488677
68, 47,10.2689647674
68, 46,3.0793101787
68, 45,4.0206894874
68, 44,7.1068968772
68, 43,4.9827585220
68, 42,2.4862070083
68, 41,2.7827587127
68, 40,4.5206899642
69, 41,2.2482757568
69, 42,6.4310340881
69, 43,2.2862067222
69, 44,3.3068966865
69, 45,4.2241377830
69, 46,2.7586207389
69, 47,6.1137928962
69, 48,5.9931039810
69, 49,3.6758618354
69, 50,7.0448274612
69, 51,7.5482759475
69, 52,5.6000003814
69, 53,4.2931032180
69, 54,4.6310348510
69, 55,13.5413799285
69, 56,7.5827584266
69, 57,4.4793105125
69, 58,4.8517241477
69, 59,4.7724137306
69, 60,11.1827592849
69, 61,4.9241375923
69, 62,17.5827579498
69, 63,14.3931026458
69, 64,5.3206892013
69, 65,17.5551719665
69, 66,17.6206893920
69, 67,17.6793098449
69, 68,5.5965518951
69, 69,5.5000000000
69, 70,5.6689653396
69, 71,15.0965518951
69, 72,6.0275859832
69, 73,5.8034482002
69, 74,9.0724124908
69, 75,12.7586202621
69, 76,12.8310346603
69, 77,15.6655168533
69, 78,20.2931022644
69, 79,20.1137924194
69, 80,20.6344814300
69, 81,20.2551727294
69, 82,20.4241371154
69, 83,20.7586212158
69, 84,21.0586204528
69, 85,21.2000007629
69, 86,21.4827613830
69, 87,27.2517242431
69, 88,30.8896541595
69, 89,39.5551681518
69, 90,30.5620689392
69, 91,65.6862030029
69, 92,65.8069000244
69, 93,65.9034576416
69, 94,65.9241485595
69, 95,66.0793075561
69, 96,61.1379280090
69, 97,51.0724105834
69, 98,56.1172409057
69, 99,106.8793106079
69, 100,51.5034484863
70, 99,79.4586181640
70, 98,41.4137954711
70, 97,41.6241378784
70, 96,43.9172439575
70, 95,41.0655136108
70, 94,53.9310379028
70, 93,41.1793098449
70, 92,42.2862052917
70, 91,66.0413818359
70, 90,47.1896553039
70, 89,33.4206924438
70, 88,68.3965530395
70, 87,57.2413825988
70, 86,31.1034450531
70, 85,30.8172397613
70, 84,23.9206886291
70, 83,22.4137916564
70, 82,21.9482765197
70, 81,21.3310337066
70, 80,20.8482761383
70, 79,20.3758621215
70, 78,20.4517230987
70, 77,20.3103446960
70, 76,20.0517234802
70, 75,19.8448276519
70, 74,19.6620693206
70, 73,19.7379302978
70, 72,15.8931026458
70, 71,6.1172418594
70, 70,5.8586206436
70, 69,5.8931035995
70, 68,5.8241376876
70, 67,5.9068965911
70, 66,5.8482761383
70, 65,8.6896553039
70, 64,5.6758623123
70, 63,5.6137933731
70, 62,17.7103462219
70, 61,5.6068968772
70, 60,17.5551719665
70, 59,5.1448273658
70, 58,5.0068960189
70, 57,4.6620683670
70, 56,4.6448273658
70, 55,14.0862073898
70, 54,17.3172416687
70, 53,4.7413797378
70, 52,4.6517243385
70, 51,4.4137930870
70, 50,10.5758619308
70, 49,11.7103443145
70, 48,11.9655170440
70, 47,12.1068973541
70, 46,8.3862066268
70, 45,4.8689651489
70, 44,7.0413794517
70, 43,3.7655169963
70, 42,5.4758615493
70, 41,2.7862067222
70, 40,4.5206899642
71, 41,2.4241378307
71, 42,3.4862067699
71, 43,2.3827586174
71, 44,6.1310348510
71, 45,4.0172414779
71, 46,6.1827588081
71, 47,6.2034482955
71, 48,3.3172411918
71, 49,6.5275864601
71, 50,6.9655175209
71, 51,7.3689651489
71, 52,13.3965511322
71, 53,16.0241374969
71, 54,16.4068965911
71, 55,7.3724136352
71, 56,4.4482755661
71, 57,4.5241374969
71, 58,4.5793104171
71, 59,4.5310344696
71, 60,4.5931034088
71, 61,4.7482757568
71, 62,4.6103448867
71, 63,5.0034480094
71, 64,8.0103445053
71, 65,4.7448277473
71, 66,5.1206898689
71, 67,5.1586203575
71, 68,5.1965513229
71, 69,17.8103446960
71, 70,18.0137920379
71, 71,12.0448284149
71, 72,18.9965534210
71, 73,9.0413789749
71, 74,19.2068958282
71, 75,5.9793100357
71, 76,15.9379320144
71, 77,9.2310352325
71, 78,6.3103446960
71, 79,13.0034484863
71, 80,18.9862060546
71, 81,20.0275840759
71, 82,20.1517219543
71, 83,20.3137931823
71, 84,19.3896541595
71, 85,20.1724128723
71, 86,20.7793121337
71, 87,21.3655166625
71, 88,22.3137931823
71, 89,22.3172416687
71, 90,21.7931041717
71, 91,21.8379325866
71, 92,66.1827621459
71, 93,68.2758636474
71, 94,33.4482765197
71, 95,56.1275825500
71, 96,40.2758560180
71, 97,33.1586227416
71, 98,40.8275871276
71, 99,40.5965499877
71, 100,40.3103446960
72, 99,40.4172439575
72, 98,33.0206871032
72, 97,40.6068954467
72, 96,40.8931045532
72, 95,40.4793128967
72, 94,33.6931076049
72, 93,40.5103454589
72, 92,35.0000000000
72, 91,28.9862060546
72, 90,33.3137893676
72, 89,31.2448272705
72, 88,33.4793128967
72, 87,28.5827598571
72, 86,20.8482761383
72, 85,23.0689659118
72, 84,23.8689670562
72, 83,21.6241378784
72, 82,21.2379302978
72, 81,20.9586219787
72, 80,20.5517234802
72, 79,19.0758628845
72, 78,19.6206912994
72, 77,19.8137931823
72, 76,18.7275867462
72, 75,6.4620695114
72, 74,8.8655166625
72, 73,6.0689649581
72, 72,6.2655172348
72, 71,15.5172405242
72, 70,12.7413787841
72, 69,12.5172405242
72, 68,18.9862060546
72, 67,12.3793106079
72, 66,8.6000003814
72, 65,5.3724136352
72, 64,18.0689659118
72, 63,8.3724145889
72, 62,5.4068961143
72, 61,5.2793102264
72, 60,14.0724134445
72, 59,5.0310344696
72, 58,4.7344827651
72, 57,4.7241382598
72, 56,4.6586208343
72, 55,7.6551718711
72, 54,4.6689653396
72, 53,4.6482763290
72, 52,4.5793104171
72, 51,16.6310348510
72, 50,16.2000007629
72, 49,14.4172410964
72, 48,5.7827587127
72, 47,2.6827585697
72, 46,7.3379311561
72, 45,7.2068963050
72, 44,7.5068969726
72, 43,7.5068969726
72, 42,6.7482757568
72, 41,6.4655175209
72, 40,2.2448275089
73, 41,2.6793103218
73, 42,5.0655174255
73, 43,5.2241377830
73, 44,6.2793102264
73, 45,6.1241378784
73, 46,3.2896549701
73, 47,5.9034485816
73, 48,6.4655175209
73, 49,6.5172414779
73, 50,2.4689652919
73, 51,2.4758620262
73, 52,3.9275863647
73, 53,10.2655172348
73, 54,15.9758634567
73, 55,7.2896552085
73, 56,10.3689670562
73, 57,7.3896551132
73, 58,10.6793107986
73, 59,7.8275861740
73, 60,4.7758622169
73, 61,4.7758622169
73, 62,4.7241377830
73, 63,4.9344825744
73, 64,4.9310345649
73, 65,7.9413795471
73, 66,7.9482755661
73, 67,8.1448268890
73, 68,14.7206897735
73, 69,8.1620693206
73, 70,5.3689656257
73, 71,5.5137929916
73, 72,8.6000003814
73, 73,8.7103443145
73, 74,19.1344833374
73, 75,5.6482758522
73, 76,18.0137920379
73, 77,6.5068969726
73, 78,19.0413780212
73, 79,6.5000000000
73, 80,5.4758615493
73, 81,9.4241380691
73, 82,18.7689647674
73, 83,20.3724155426
73, 84,19.7551727294
73, 85,19.2551727294
73, 86,19.6413822174
73, 87,20.7620677947
73, 88,21.1000003814
73, 89,21.6482753753
73, 90,21.3034477233
73, 91,32.7586212158
73, 92,54.6103439331
73, 93,33.0931015014
73, 94,51.2655143737
73, 95,28.9137935638
73, 96,29.0413780212
73, 97,29.0000000000
73, 98,33.2206916809
73, 99,36.9172439575
73, 100,33.7896575927
74, 99,40.4620666503
74, 98,37.0758590698
74, 97,29.5000000000
74, 96,33.3724136352
74, 95,33.3724136352
74, 94,33.3758621215
74, 93,41.9103431701
74, 92,35.1793098449
74, 91,29.0482749938
74, 90,31.3241386413
74, 89,31.1551723480
74, 88,28.6413784027
74, 87,25.7655143737
74, 86,20.5689659118
74, 85,21.4068965911
74, 84,20.5724143981
74, 83,20.9448299407
74, 82,19.8172416687
74, 81,19.7241401672
74, 80,18.9793090820
74, 79,18.7310352325
74, 78,18.9310340881
74, 77,17.9862079620
74, 76,18.1896553039
74, 75,9.3241376876
74, 74,5.4689655303
74, 73,6.0517244338
74, 72,15.1758623123
74, 71,9.0482759475
74, 70,19.5896568298
74, 69,8.9724140167
74, 68,5.2137932777
74, 67,5.7586202621
74, 66,18.3482761383
74, 65,18.1310348510
74, 64,8.2517242431
74, 63,8.2862071990
74, 62,8.1689662933
74, 61,5.2793107032
74, 60,11.0827579498
74, 59,7.7310347557
74, 58,4.7586202621
74, 57,4.7344827651
74, 56,4.7068967819
74, 55,7.6896553039
74, 54,7.4793100357
74, 53,13.6103458404
74, 52,13.4344835281
74, 51,16.5862083435
74, 50,4.2620687484
74, 49,16.0482769012
74, 48,5.5241379737
74, 47,10.2379322052
74, 46,6.7517242431
74, 45,7.4448270797
74, 44,6.9551720619
74, 43,6.8172407150
74, 42,6.6793107986
74, 41,6.5689659118
74, 40,6.4586210250
75, 41,6.3413796424
75, 42,5.1551723480
75, 43,6.3275861740
75, 44,6.2448277473
75, 45,6.0931034088
75, 46,5.0655174255
75, 47,2.4379310607
75, 48,6.4172410964
75, 49,6.4551720619
75, 50,4.8586206436
75, 51,4.8758616447
75, 52,13.0034484863
75, 53,4.2827587127
75, 54,13.0000000000
75, 55,4.1413793563
75, 56,4.3862066268
75, 57,4.2586207389
75, 58,16.6655178070
75, 59,13.7758617401
75, 60,13.7172412872
75, 61,4.3620691299
75, 62,4.6655168533
75, 63,4.7724142074
75, 64,7.8724136352
75, 65,4.6689653396
75, 66,17.4172401428
75, 67,7.9965515136
75, 68,5.1103448867
75, 69,5.2103447914
75, 70,18.0620689392
75, 71,18.3103446960
75, 72,5.5655169486
75, 73,5.7517242431
75, 74,5.7655172348
75, 75,8.9517230987
75, 76,8.9724140167
75, 77,9.1068964004
75, 78,14.5068950653
75, 79,5.5586209297
75, 80,6.3137931823
75, 81,18.2793121337
75, 82,18.7931041717
75, 83,19.0793113708
75, 84,19.8999996185
75, 85,20.2206916809
75, 86,18.0758628845
75, 87,20.0896549224
75, 88,20.8344841003
75, 89,20.1275844573
75, 90,19.2137947082
75, 91,19.3827571868
75, 92,23.1931037902
75, 93,25.6862068176
75, 94,28.7172393798
75, 95,30.6206912994
75, 96,28.9379310607
75, 97,31.2827568054
75, 98,33.3896560668
75, 99,33.6137924194
75, 100,33.3103446960
76, 99,33.5000000000
76, 98,40.2724151611
76, 97,37.1827583312
76, 96,37.0517234802
76, 95,33.4034500122
76, 94,33.2137947082
76, 93,34.5103454589
76, 92,28.3862056732
76, 91,30.9586181640
76, 90,33.5068969726
76, 89,31.0965518951
76, 88,38.5862045288
76, 87,22.4068965911
76, 86,16.6172428131
76, 85,20.3965511322
76, 84,21.1068973541
76, 83,21.0896549224
76, 82,20.6275863647
76, 81,18.3724155426
76, 80,17.6689643859
76, 79,14.2793092727
76, 78,11.4275856018
76, 77,11.9310340881
76, 76,10.3827571868
76, 75,8.5862064361
76, 74,4.8275861740
76, 73,11.7137928009
76, 72,11.0620698928
76, 71,10.8896551132
76, 70,10.8689651489
76, 69,8.1172409057
76, 68,5.2517242431
76, 67,20.6103439331
76, 66,14.9724140167
76, 65,8.2103443145
76, 64,5.3172407150
76, 63,14.6931028366
76, 62,11.6586208343
76, 61,5.2206892967
76, 60,5.0241379737
76, 59,4.8586206436
76, 58,4.7344827651
76, 57,4.6068964004
76, 56,13.8862047195
76, 55,16.7620677947
76, 54,13.5517244338
76, 53,16.6931037902
76, 52,16.6172428131
76, 51,16.5068969726
76, 50,4.2827587127
76, 49,4.2068967819
76, 48,4.0896553993
76, 47,7.3517241477
76, 46,2.4586205482
76, 45,7.3310346603
76, 44,3.7000000476
76, 43,3.4241378307
76, 42,6.5793104171
76, 41,6.5724134445
76, 40,6.4344835281
77, 41,6.4310350418
77, 42,6.2586207389
77, 43,6.2068963050
77, 44,6.2965517044
77, 45,6.2241377830
77, 46,6.4793105125
77, 47,3.2068965435
77, 48,3.3482756614
77, 49,2.2103447914
77, 50,2.4413790702
77, 51,7.4379310607
77, 52,2.3655171394
77, 53,2.6413791179
77, 54,4.1724138259
77, 55,16.4827575683
77, 56,10.4379310607
77, 57,10.5137929916
77, 58,16.7931041717
77, 59,16.8551731109
77, 60,17.0344810485
77, 61,13.7517242431
77, 62,7.7068967819
77, 63,4.7793102264
77, 64,4.7586202621
77, 65,4.8206896781
77, 66,4.5275859832
77, 67,14.0000000000
77, 68,14.2137928009
77, 69,8.3310337066
77, 70,11.8896551132
77, 71,18.3586215972
77, 72,18.7758617401
77, 73,4.7827587127
77, 74,8.2586202621
77, 75,5.4793105125
77, 76,5.6862068176
77, 77,11.2068958282
77, 78,8.7034473419
77, 79,8.6965513229
77, 80,8.2689657211
77, 81,16.6827583312
77, 82,10.4551715850
77, 83,19.3068962097
77, 84,19.5413780212
77, 85,17.5827598571
77, 86,18.2862071990
77, 87,17.5758628845
77, 88,19.2379302978
77, 89,20.7241382598
77, 90,18.3689670562
77, 91,23.7206897735
77, 92,26.8172416687
77, 93,25.0137939453
77, 94,26.6965522766
77, 95,30.8586235046
77, 96,28.7103462219
77, 97,23.3068962097
77, 98,33.5827598571
77, 99,32.8931045532
77, 100,33.1896553039
78, 99,33.5862083435
78, 98,35.3931045532
78, 97,33.8758621215
78, 96,36.8758621215
78, 95,33.4103431701
78, 94,31.7241401672
78, 93,31.6689643859
78, 92,31.0448265075
78, 91,28.7724151611
78, 90,29.1689643859
78, 89,30.6931037902
78, 88,25.0206909179
78, 87,22.6482753753
78, 86,20.3896541595
78, 85,20.2655181884
78, 84,20.3862075805
78, 83,20.1793098449
78, 82,17.4551734924
78, 81,18.4344825744
78, 80,18.6551723480
78, 79,12.1137924194
78, 78,13.8862075805
78, 77,11.7965517044
78, 76,16.2275867462
78, 75,17.3827571868
78, 74,17.1758613586
78, 73,7.8965516090
78, 72,5.4931030273
78, 71,5.5379309654
78, 70,8.1172409057
78, 69,5.4103446006
78, 68,10.8482761383
78, 67,8.2827587127
78, 66,17.7034492492
78, 65,5.3793101310
78, 64,4.7896552085
78, 63,5.2965517044
78, 62,8.1068964004
78, 61,8.0620689392
78, 60,14.1793107986
78, 59,4.7620687484
78, 58,4.6310348510
78, 57,4.5965518951
78, 56,16.8793106079
78, 55,16.8344821929
78, 54,13.3137941360
78, 53,13.4413805007
78, 52,16.5758628845
78, 51,16.6413784027
78, 50,4.2931032180
78, 49,4.0862069129
78, 48,2.6137931346
78, 47,4.1103448867
78, 46,6.9137930870
78, 45,7.4103446006
78, 44,7.6482758522
78, 43,6.3827590942
78, 42,6.5655174255
78, 41,6.5724134445
78, 40,6.4206900596
79, 41,6.5275864601
79, 42,6.2448277473
79, 43,5.4068965911
79, 44,6.5137929916
79, 45,6.6241378784
79, 46,6.6517243385
79, 47,6.6999998092
79, 48,6.6793107986
79, 49,6.4344825744
79, 50,2.2965519428
79, 51,7.1344823837
79, 52,2.6068964004
79, 53,10.1551723480
79, 54,4.1655173301
79, 55,4.2517242431
79, 56,13.5068950653
79, 57,13.4931030273
79, 58,7.3379311561
79, 59,16.8137931823
79, 60,10.7448272705
79, 61,16.1827583312
79, 62,16.8310356140
79, 63,4.6344828605
79, 64,4.6689653396
79, 65,4.8206892013
79, 66,17.3793106079
79, 67,14.2137928009
79, 68,8.0689649581
79, 69,8.0206890106
79, 70,5.1310343742
79, 71,5.4931035041
79, 72,5.0620689392
79, 73,7.6310338973
79, 74,16.1517238616
79, 75,16.7620677947
79, 76,8.3999996185
79, 77,5.5206899642
79, 78,11.2551727294
79, 79,16.3965511322
79, 80,16.3965511322
79, 81,17.2586212158
79, 82,6.1103448867
79, 83,14.4310350418
79, 84,16.6068973541
79, 85,17.0931034088
79, 86,13.3103437423
79, 87,16.2379322052
79, 88,17.9413795471
79, 89,18.6862068176
79, 90,18.4482765197
79, 91,22.6758613586
79, 92,21.2310333251
79, 93,20.7999992370
79, 94,30.9689674377
79, 95,30.7655181884
79, 96,30.5586204528
79, 97,30.8310356140
79, 98,31.0172424316
79, 99,29.4482765197
79, 100,33.2586174011
80, 99,33.5000000000
80, 98,33.5965499877
80, 97,33.5172424316
80, 96,31.5551719665
80, 95,31.2827568054
80, 94,33.1758651733
80, 93,30.8310356140
80, 92,30.9862060546
80, 91,30.9793128967
80, 90,21.4379310607
80, 89,23.3137931823
80, 88,22.6793098449
80, 87,22.2862052917
80, 86,23.3275871276
80, 85,22.5620708465
80, 84,17.9413795471
80, 83,21.6206874847
80, 82,17.3586215972
80, 81,18.3758621215
80, 80,16.4551734924
80, 79,13.6413784027
80, 78,13.7896556854
80, 77,16.6275844573
80, 76,16.2103462219
80, 75,16.5275859832
80, 74,4.7482757568
80, 73,7.6206893920
80, 72,4.7310342788
80, 71,4.7413797378
80, 70,5.4379305839
80, 69,7.8896551132
80, 68,5.2620687484
80, 67,7.5724134445
80, 66,4.8275861740
80, 65,5.2206892967
80, 64,4.9172410964
80, 63,7.9275865554
80, 62,4.7275857925
80, 61,14.0827579498
80, 60,17.4482765197
80, 59,4.6241378784
80, 58,4.5206894874
80, 57,16.8172416687
80, 56,16.8275871276
80, 55,16.7931041717
80, 54,16.6965522766
80, 53,16.4827575683
80, 52,16.6241378784
80, 51,10.4275856018
80, 50,4.1448273658
80, 49,4.0275859832
80, 48,4.0689654350
80, 47,4.0586204528
80, 46,2.5999999046
80, 45,7.0137929916
80, 44,7.5999999046
80, 43,4.5620689392
80, 42,6.6758623123
80, 41,6.6965513229
80, 40,5.4655175209
81, 41,6.3689656257
81, 42,3.2482757568
81, 43,2.2827584743
81, 44,6.3275861740
81, 45,3.2275860309
81, 46,4.3999996185
81, 47,4.5000000000
81, 48,2.1310343742
81, 49,6.5793104171
81, 50,2.1931035518
81, 51,7.5689659118
81, 52,2.3655171394
81, 53,4.0620689392
81, 54,4.1999998092
81, 55,10.3206892013
81, 56,16.5310325622
81, 57,16.5896549224
81, 58,7.4241385459
81, 59,10.6034479141
81, 60,16.8413791656
81, 61,4.5655174255
81, 62,4.4448270797
81, 63,4.5586214065
81, 64,4.3931035995
81, 65,7.5999999046
81, 66,17.4931049346
81, 67,17.3206901550
81, 68,7.9379301071
81, 69,7.9068961143
81, 70,5.0413789749
81, 71,8.0068969726
81, 72,4.5896553993
81, 73,5.0620689392
81, 74,5.1862068176
81, 75,7.7793097496
81, 76,10.7344837188
81, 77,5.3758621215
81, 78,7.8103446960
81, 79,4.8862071037
81, 80,16.1344833374
81, 81,8.1517238616
81, 82,13.2620697021
81, 83,8.1000003814
81, 84,16.7275848388
81, 85,17.4241390228
81, 86,17.4172401428
81, 87,16.7724132537
81, 88,16.3724117279
81, 89,17.4275856018
81, 90,18.4931049346
81, 91,16.8482780456
81, 92,23.7172412872
81, 93,20.7827587127
81, 94,21.5655174255
81, 95,28.4413814544
81, 96,31.1724147796
81, 97,30.6862068176
81, 98,30.9275875091
81, 99,28.5344810485
81, 100,31.5482749938
82, 99,22.3827590942
82, 98,32.1034469604
82, 97,25.7793121337
82, 96,31.6241359710
82, 95,32.0724143981
82, 94,33.1586227416
82, 93,25.7655181884
82, 92,30.6586208343
82, 91,30.8827571868
82, 90,30.8275852203
82, 89,26.3137931823
82, 88,25.2758617401
82, 87,17.7586212158
82, 86,17.4862060546
82, 85,20.0724143981
82, 84,19.7655162811
82, 83,17.5931053161
82, 82,16.3034477233
82, 81,17.0448265075
82, 80,8.5241374969
82, 79,12.1241378784
82, 78,8.1965513229
82, 77,16.6931037902
82, 76,16.1413803100
82, 75,10.6931028366
82, 74,10.7448282241
82, 73,4.7172417640
82, 72,5.4137930870
82, 71,5.4482755661
82, 70,4.6758623123
82, 69,15.9931030273
82, 68,15.8620700836
82, 67,4.3206892013
82, 66,16.4206886291
82, 65,16.0965538024
82, 64,16.0413799285
82, 63,15.9275865554
82, 62,10.7379312515
82, 61,13.8793106079
82, 60,14.2310352325
82, 59,10.5827579498
82, 58,4.5344829559
82, 57,4.4896554946
82, 56,10.3586215972
82, 55,7.2344827651
82, 54,16.6206912994
82, 53,16.6034488677
82, 52,16.5896568298
82, 51,7.4758620262
82, 50,10.4931039810
82, 49,7.0137929916
82, 48,4.0448274612
82, 47,9.9379301071
82, 46,7.1931028366
82, 45,7.6793098449
82, 44,7.6551718711
82, 43,7.6206893920
82, 42,6.6620688438
82, 41,4.9965519905
82, 40,4.8724136352
83, 41,6.7206892967
83, 42,3.3793101310
83, 43,3.2724139690
83, 44,2.0931034088
83, 45,4.6448278427
83, 46,5.0827584266
83, 47,2.0931034088
83, 48,2.3793101310
83, 49,4.6862068176
83, 50,7.6413788795
83, 51,7.0344824790
83, 52,2.4793102741
83, 53,4.0620689392
83, 54,4.1655173301
83, 55,4.3034482002
83, 56,16.6862068176
83, 57,4.3965516090
83, 58,16.3999996185
83, 59,10.2206897735
83, 60,4.6172413825
83, 61,7.4000005722
83, 62,7.4862070083
83, 63,4.4000000953
83, 64,4.4068961143
83, 65,4.7379307746
83, 66,7.9034476280
83, 67,7.8862066268
83, 68,7.9620680809
83, 69,4.7448272705
83, 70,16.3862056732
83, 71,15.9689664840
83, 72,16.1137943267
83, 73,15.8206911087
83, 74,7.4586210250
83, 75,4.5965518951
83, 76,13.3758640289
83, 77,5.2448272705
83, 78,7.4862074851
83, 79,5.4068965911
83, 80,7.6827583312
83, 81,7.8655176162
83, 82,8.0827589035
83, 83,13.0931034088
83, 84,9.7344827651
83, 85,16.3137931823
83, 86,16.6482753753
83, 87,16.3999977111
83, 88,16.8000011444
83, 89,18.4758644104
83, 90,16.7586193084
83, 91,18.5689659118
83, 92,17.3241386413
83, 93,24.4000015258
83, 94,23.0172424316
83, 95,30.3551731109
83, 96,30.5413780212
83, 97,30.7827568054
83, 98,30.5655174255
83, 99,31.8931026458
83, 100,31.5034484863
84, 99,31.9310359954
84, 98,32.1379318237
84, 97,31.4068965911
84, 96,25.2724132537
84, 95,31.0448265075
84, 94,20.9448280334
84, 93,30.6379337310
84, 92,30.4310359954
84, 91,30.5931034088
84, 90,30.7655181884
84, 89,30.4793128967
84, 88,24.7758617401
84, 87,22.0999984741
84, 86,17.6344833374
84, 85,17.3793106079
84, 84,16.3999996185
84, 83,16.4137916564
84, 82,8.0862073898
84, 81,10.0379314422
84, 80,8.0413799285
84, 79,8.3310346603
84, 78,7.9965515136
84, 77,8.1482753753
84, 76,13.0793104171
84, 75,5.6999998092
84, 74,7.5620689392
84, 73,5.2068967819
84, 72,12.9482755661
84, 71,10.6034479141
84, 70,13.2103443145
84, 69,15.9586200714
84, 68,15.6689653396
84, 67,16.1310329437
84, 66,16.4172401428
84, 65,15.9413785934
84, 64,15.9275865554
84, 63,15.9793109893
84, 62,4.4275860786
84, 61,4.8068966865
84, 60,10.8862056732
84, 59,4.5724139213
84, 58,4.2793107032
84, 57,13.3620700836
84, 56,4.4620690345
84, 55,4.3689656257
84, 54,4.3413786888
84, 53,10.4206895828
84, 52,4.5310344696
84, 51,4.4931035041
84, 50,4.1827583312
84, 49,4.0379309654
84, 48,4.0482759475
84, 47,2.5517239570
84, 46,11.3793106079
84, 45,6.9310350418
84, 44,7.7620687484
84, 43,7.0586204528
84, 42,4.7344827651
84, 41,4.7413792610
84, 40,5.0103445053
85, 41,3.3482756614
85, 42,4.0689654350
85, 43,2.1344826221
85, 44,2.2241377830
85, 45,2.1413791179
85, 46,6.6482758522
85, 47,3.1379308700
85, 48,2.3862071037
85, 49,2.1793100833
85, 50,7.4172415733
85, 51,7.6172418594
85, 52,7.2793097496
85, 53,4.0517239570
85, 54,4.1517243385
85, 55,4.2862067222
85, 56,16.8931026458
85, 57,4.2482757568
85, 58,4.5620689392
85, 59,4.3034486770
85, 60,16.2379302978
85, 61,4.4310345649
85, 62,4.3448276519
85, 63,4.5172414779
85, 64,7.6689658164
85, 65,4.7310342788
85, 66,11.0206890106
85, 67,11.1206903457
85, 68,11.2206897735
85, 69,15.8275861740
85, 70,4.6965513229
85, 71,15.9758625030
85, 72,16.0068969726
85, 73,12.7931032180
85, 74,5.0137929916
85, 75,5.2137932777
85, 76,7.6517243385
85, 77,5.4379310607
85, 78,7.6689658164
85, 79,10.8551721572
85, 80,5.6827583312
85, 81,5.4862070083
85, 82,8.0724143981
85, 83,11.1068973541
85, 84,11.5862064361
85, 85,18.4172420501
85, 86,17.3379306793
85, 87,16.3689651489
85, 88,16.2724151611
85, 89,16.5862083435
85, 90,17.8551731109
85, 91,17.9862079620
85, 92,19.2103443145
85, 93,22.3586196899
85, 94,27.6655158996
85, 95,28.1275844573
85, 96,30.6724147796
85, 97,30.5344848632
85, 98,30.4068965911
85, 99,31.4206886291
85, 100,31.2206916809
86, 99,25.1655158996
86, 98,25.7758598327
86, 97,31.0034484863
86, 96,18.0413780212
86, 95,28.5241394042
86, 94,31.3275852203
86, 93,32.0034484863
86, 92,30.5827579498
86, 91,26.3172416687
86, 90,22.4793128967
86, 89,24.4655151367
86, 88,17.9689655303
86, 87,17.7620697021
86, 86,17.2241382598
86, 85,19.3482761383
86, 84,17.2379302978
86, 83,16.3517246246
86, 82,17.1344833374
86, 81,14.0344829559
86, 80,6.1896553039
86, 79,13.3103437423
86, 78,13.1275863647
86, 77,8.0827589035
86, 76,5.6034479141
86, 75,10.6758623123
86, 74,10.4482755661
86, 73,7.7172417640
86, 72,16.0586204528
86, 71,16.0344829559
86, 70,16.0000000000
86, 69,15.8827610015
86, 68,15.7448272705
86, 67,15.7344818115
86, 66,16.0068950653
86, 65,15.9034481048
86, 64,7.3862066268
86, 63,15.9586210250
86, 62,16.2413806915
86, 61,17.3379325866
86, 60,17.1310348510
86, 59,4.4827585220
86, 58,4.5310344696
86, 57,4.5206899642
86, 56,7.0206899642
86, 55,4.4862070083
86, 54,7.3551721572
86, 53,4.2931032180
86, 52,4.2896552085
86, 51,10.6413784027
86, 50,4.4448275566
86, 49,4.0758619308
86, 48,5.5724134445
86, 47,10.0724134445
86, 46,6.7034482955
86, 45,7.8344831466
86, 44,7.6655173301
86, 43,2.2620689868
86, 42,7.2379312515
86, 41,5.8344831466
86, 40,4.5586209297
87, 41,5.3275861740
87, 42,5.4689650535
87, 43,6.7655172348
87, 44,6.5965514183
87, 45,6.8724136352
87, 46,4.4655175209
87, 47,6.9655175209
87, 48,2.3137929439
87, 49,7.3275861740
87, 50,6.9172415733
87, 51,11.2655162811
87, 52,2.5275862216
87, 53,10.0275859832
87, 54,4.0310344696
87, 55,7.4448280334
87, 56,4.4793100357
87, 57,4.3931035995
87, 58,10.5620689392
87, 59,4.5241379737
87, 60,4.5000000000
87, 61,10.4655170440
87, 62,16.6241359710
87, 63,4.4586205482
87, 64,13.6793107986
87, 65,10.6482753753
87, 66,17.1344814300
87, 67,7.5344824790
87, 68,15.7965517044
87, 69,15.8275861740
87, 70,12.6551723480
87, 71,15.7275867462
87, 72,15.6999998092
87, 73,15.7517242431
87, 74,12.6724138259
87, 75,15.8344831466
87, 76,15.9517240524
87, 77,16.0517234802
87, 78,12.7827587127
87, 79,12.9137926101
87, 80,5.4931035041
87, 81,5.5103445053
87, 82,4.9827585220
87, 83,8.2344827651
87, 84,6.0482759475
87, 85,16.1413803100
87, 86,13.4689655303
87, 87,16.2827587127
87, 88,17.8931026458
87, 89,16.5310325622
87, 90,17.3103446960
87, 91,18.0655174255
87, 92,17.6655158996
87, 93,16.5896549224
87, 94,16.8448276519
87, 95,22.7000007629
87, 96,30.4103450775
87, 97,30.5275840759
87, 98,21.6827583312
87, 99,29.8793087005
87, 100,25.0448265075
88, 99,15.9827575683
88, 98,15.2862062454
88, 97,22.3206901550
88, 96,17.9172401428
88, 95,21.8413791656
88, 94,25.2000007629
88, 93,21.6034488677
88, 92,30.1275882720
88, 91,25.6310329437
88, 90,24.1448287963
88, 89,29.8862056732
88, 88,19.3206901550
88, 87,17.6241378784
88, 86,14.2758617401
88, 85,16.5793113708
88, 84,17.0758609771
88, 83,16.3896541595
88, 82,11.9793109893
88, 81,16.2965507507
88, 80,6.1413793563
88, 79,6.0724134445
88, 78,5.7793107032
88, 77,5.0000004768
88, 76,5.3793101310
88, 75,15.9379301071
88, 74,5.2344827651
88, 73,15.9724149703
88, 72,15.8379316329
88, 71,16.0931034088
88, 70,12.9034481048
88, 69,15.7379322052
88, 68,15.7724132537
88, 67,15.7862062454
88, 66,16.0344829559
88, 65,16.0137920379
88, 64,7.4000000953
88, 63,4.7172417640
88, 62,15.7379302978
88, 61,16.1655178070
88, 60,4.5620689392
88, 59,4.5103445053
88, 58,10.7448272705
88, 57,16.1689662933
88, 56,4.1482758522
88, 55,15.8379316329
88, 54,16.1206912994
88, 53,13.4172410964
88, 52,4.4655170440
88, 51,4.3517236709
88, 50,4.4241375923
88, 49,4.2310347557
88, 48,9.9724140167
88, 47,4.0724139213
88, 46,12.6137933731
88, 45,2.3620686531
88, 44,7.6689653396
88, 43,3.2655169963
88, 42,2.1620688438
88, 41,2.1827583312
88, 40,2.0724139213
89, 41,5.1034483909
89, 42,2.0517239570
89, 43,5.6758623123
89, 44,5.9551725387
89, 45,2.5068964958
89, 46,5.4482760429
89, 47,5.0793104171
89, 48,4.8620691299
89, 49,3.4310345649
89, 50,7.6448273658
89, 51,7.8137922286
89, 52,16.0896568298
89, 53,4.1103448867
89, 54,4.1379308700
89, 55,4.3448271751
89, 56,4.4137926101
89, 57,4.5068964958
89, 58,16.5931053161
89, 59,4.3172416687
89, 60,4.5103449821
89, 61,10.4724140167
89, 62,7.4758620262
89, 63,4.5448274612
89, 64,16.7137947082
89, 65,10.7517242431
89, 66,7.8310341835
89, 67,13.2103452682
89, 68,15.6965513229
89, 69,15.8413791656
89, 70,15.9206905364
89, 71,16.0206909179
89, 72,15.9206895828
89, 73,15.8034486770
89, 74,15.8793106079
89, 75,13.1034488677
89, 76,10.3379306793
89, 77,16.0448265075
89, 78,5.0000000000
89, 79,5.1275858879
89, 80,4.6724138259
89, 81,7.9241380691
89, 82,8.1103439331
89, 83,5.8448276519
89, 84,6.1931028366
89, 85,16.1724128723
89, 86,13.4137935638
89, 87,16.4241371154
89, 88,16.3172416687
89, 89,16.5103454589
89, 90,16.6482753753
89, 91,19.1448268890
89, 92,16.7103462219
89, 93,16.2103443145
89, 94,29.8379325866
89, 95,18.8793087005
89, 96,21.6344833374
89, 97,21.7241382598
89, 98,15.7517242431
89, 99,15.8482761383
89, 100,30.8827571868
90, 99,22.9413795471
90, 98,16.1655158996
90, 97,9.1586208343
90, 96,12.8068971633
90, 95,10.2862071990
90, 94,17.9655170440
90, 93,28.4620666503
90, 92,21.3482761383
90, 91,27.4586219787
90, 90,29.8275871276
90, 89,21.3137931823
90, 88,29.7655181884
90, 87,16.8068962097
90, 86,18.2344837188
90, 85,17.3620681762
90, 84,16.2655162811
90, 83,16.8482761383
90, 82,17.1172428131
90, 81,11.8862066268
90, 80,7.7586212158
90, 79,6.1379308700
90, 78,5.0137929916
90, 77,5.4862070083
90, 76,12.9413805007
90, 75,7.8241376876
90, 74,7.6586213111
90, 73,16.2241401672
90, 72,16.1931037902
90, 71,15.9206895828
90, 70,16.0827598571
90, 69,15.7758617401
90, 68,15.7137928009
90, 67,16.1000022888
90, 66,15.9931030273
90, 65,15.9551725387
90, 64,15.9758625030
90, 63,15.9586210250
90, 62,15.7379302978
90, 61,15.6310348510
90, 60,4.7551722526
90, 59,5.8758621215
90, 58,12.3896551132
90, 57,4.4620690345
90, 56,16.2862052917
90, 55,5.7379312515
90, 54,5.7551717758
90, 53,5.6413793563
90, 52,4.5103445053
90, 51,4.3931035995
90, 50,4.0758619308
90, 49,4.1068964004
90, 48,4.0862069129
90, 47,4.0344829559
90, 46,4.0965518951
90, 45,8.9862070083
90, 44,8.1172409057
90, 43,3.5103447437
90, 42,4.5931034088
90, 41,3.9172415733
90, 40,3.9517242431
91, 41,6.5620689392
91, 42,5.4103446006
91, 43,6.6758623123
91, 44,6.6034483909
91, 45,2.2689652442
91, 46,6.7827582359
91, 47,6.7586202621
91, 48,3.9655175209
91, 49,4.8206892013
91, 50,7.8931031227
91, 51,8.2103443145
91, 52,16.0103435516
91, 53,3.9931035041
91, 54,4.1034479141
91, 55,4.3241376876
91, 56,7.5103445053
91, 57,4.5448279380
91, 58,4.5137929916
91, 59,8.1172418594
91, 60,5.1931033134
91, 61,4.5586204528
91, 62,9.2896547317
91, 63,4.2999997138
91, 64,7.5931038856
91, 65,4.5724134445
91, 66,7.5551719665
91, 67,4.8482756614
91, 68,15.8275861740
91, 69,15.8172407150
91, 70,15.8862075805
91, 71,15.8517246246
91, 72,16.4620704650
91, 73,7.4827585220
91, 74,5.0103449821
91, 75,16.0034484863
91, 76,16.0344829559
91, 77,15.9896545410
91, 78,15.9482755661
91, 79,15.9034471511
91, 80,16.2000007629
91, 81,7.9793100357
91, 82,4.8724136352
91, 83,13.0551729202
91, 84,5.8758616447
91, 85,8.1034479141
91, 86,13.3068971633
91, 87,13.4517240524
91, 88,13.9999980926
91, 89,16.3137931823
91, 90,18.9206886291
91, 91,19.9068946838
91, 92,16.7586212158
91, 93,16.6482753753
91, 94,20.3620662689
91, 95,18.9172401428
91, 96,18.2758617401
91, 97,14.6206893920
91, 98,17.6344814300
91, 99,15.8689651489
91, 100,15.0137920379
92, 99,10.0482759475
92, 98,16.2000007629
92, 97,13.5586194992
92, 96,9.0068969726
92, 95,5.6965513229
92, 94,14.0482759475
92, 93,10.1620693206
92, 92,14.8689651489
92, 91,25.1896553039
92, 90,19.7103462219
92, 89,18.9862060546
92, 88,20.0344810485
92, 87,16.2620677947
92, 86,20.8310356140
92, 85,16.3827590942
92, 84,17.2000007629
92, 83,13.3965511322
92, 82,13.7137937545
92, 81,13.3482761383
92, 80,6.0344829559
92, 79,5.9137930870
92, 78,5.6965517997
92, 77,5.0206894874
92, 76,16.2310333251
92, 75,16.2172412872
92, 74,13.0896549224
92, 73,10.3931035995
92, 72,15.8724136352
92, 71,16.0620689392
92, 70,15.9793109893
92, 69,15.9344835281
92, 68,15.8517246246
92, 67,15.8862075805
92, 66,15.9034481048
92, 65,15.8931026458
92, 64,15.9344816207
92, 63,15.9344835281
92, 62,4.3689656257
92, 61,10.1689653396
92, 60,7.7241373062
92, 59,10.4482765197
92, 58,7.5034475326
92, 57,6.1551723480
92, 56,4.7655172348
92, 55,5.1620688438
92, 54,13.4620685577
92, 53,4.3379306793
92, 52,4.4379305839
92, 51,4.4896550178
92, 50,4.4344825744
92, 49,4.1517238616
92, 48,4.1103444099
92, 47,4.0965518951
92, 46,4.0689649581
92, 45,3.9310345649
92, 44,8.3827590942
92, 43,5.2655172348
92, 42,2.3689656257
92, 41,2.2862067222
92, 40,4.7517242431
93, 41,5.1999998092
93, 42,5.5620689392
93, 43,4.4793100357
93, 44,3.4448275566
93, 45,6.8758621215
93, 46,4.6551723480
93, 47,4.5655169486
93, 48,4.8448276519
93, 49,7.0517244338
93, 50,3.8793101310
93, 51,5.3965520858
93, 52,6.9551725387
93, 53,4.1241378784
93, 54,7.1275863647
93, 55,4.3862071037
93, 56,4.4137926101
93, 57,4.3517236709
93, 58,9.4896554946
93, 59,4.5758619308
93, 60,4.6517238616
93, 61,5.2241377830
93, 62,5.1586208343
93, 63,5.1896553039
93, 64,5.5241379737
93, 65,10.9793109893
93, 66,12.9241380691
93, 67,16.0551719665
93, 68,16.2068977355
93, 69,15.8586215972
93, 70,15.8586215972
93, 71,15.8206892013
93, 72,15.9068965911
93, 73,16.0620689392
93, 74,15.9137926101
93, 75,15.9931049346
93, 76,16.0206909179
93, 77,13.1068973541
93, 78,16.0586204528
93, 79,16.0103454589
93, 80,5.6103448867
93, 81,4.7862067222
93, 82,7.8793106079
93, 83,8.1482753753
93, 84,14.1793107986
93, 85,9.9172410964
93, 86,9.5103454589
93, 87,13.0206890106
93, 88,13.5620679855
93, 89,18.0137939453
93, 90,16.2965507507
93, 91,16.1344814300
93, 92,15.7379302978
93, 93,29.7206878662
93, 94,18.9137935638
93, 95,21.1896553039
93, 96,17.4413795471
93, 97,21.4034461975
93, 98,14.5206890106
93, 99,14.8310346603
93, 100,14.9172420501
94, 99,14.8999996185
94, 98,14.8862075805
94, 97,14.9103450775
94, 96,9.9620685577
94, 95,11.6724138259
94, 94,9.8793096542
94, 93,12.8586215972
94, 92,20.6448249816
94, 91,18.1896553039
94, 90,18.1482753753
94, 89,19.1000003814
94, 88,19.7344818115
94, 87,18.4586219787
94, 86,16.5655174255
94, 85,16.5241394042
94, 84,16.3965511322
94, 83,16.4034481048
94, 82,17.1896553039
94, 81,5.1758618354
94, 80,9.8827590942
94, 79,8.1103448867
94, 78,13.1482753753
94, 77,6.0068960189
94, 76,16.0965518951
94, 75,16.1896553039
94, 74,15.8724136352
94, 73,15.7241382598
94, 72,7.6206893920
94, 71,15.9896545410
94, 70,15.9275865554
94, 69,15.9448270797
94, 68,15.9103450775
94, 67,15.8275861740
94, 66,16.5689659118
94, 65,15.8999996185
94, 64,15.7448272705
94, 63,15.9206895828
94, 62,15.9137935638
94, 61,12.8344831466
94, 60,16.3344841003
94, 59,4.5655169486
94, 58,5.2482752799
94, 57,5.4068965911
94, 56,4.4758620262
94, 55,5.0275864601
94, 54,5.1586203575
94, 53,5.1137933731
94, 52,16.6896553039
94, 51,4.4517240524
94, 50,4.4000005722
94, 49,4.1965517997
94, 48,4.1275863647
94, 47,4.0448274612
94, 46,2.4379308223
94, 45,8.1931028366
94, 44,8.0586214065
94, 43,8.0275859832
94, 42,7.9517240524
94, 41,3.9172415733
94, 40,5.2413792610
95, 41,6.7931032180
95, 42,6.4379310607
95, 43,5.4965515136
95, 44,6.7172417640
95, 45,5.6068964004
95, 46,5.6758623123
95, 47,6.6586203575
95, 48,5.2551722526
95, 49,5.4758620262
95, 50,8.0034484863
95, 51,9.5965518951
95, 52,11.4275865554
95, 53,2.5655169486
95, 54,4.1689653396
95, 55,4.3689656257
95, 56,4.4448275566
95, 57,4.5310344696
95, 58,6.7827591896
95, 59,5.0206899642
95, 60,4.9896554946
95, 61,5.3172416687
95, 62,4.6724138259
95, 63,5.1241378784
95, 64,4.5310344696
95, 65,10.0896549224
95, 66,10.5758619308
95, 67,7.4068961143
95, 68,13.3103456497
95, 69,4.7724137306
95, 70,16.0517234802
95, 71,16.0827598571
95, 72,16.3586215972
95, 73,16.6965522766
95, 74,15.9620695114
95, 75,15.9172410964
95, 76,15.9827594757
95, 77,16.3275871276
95, 78,7.6793107986
95, 79,5.6137933731
95, 80,16.2758636474
95, 81,16.2482757568
95, 82,16.4068965911
95, 83,16.5931053161
95, 84,16.2931022644
95, 85,13.5103454589
95, 86,14.1448268890
95, 87,17.8965511322
95, 88,9.9862070083
95, 89,14.4620695114
95, 90,13.0344829559
95, 91,16.8862056732
95, 92,19.3068962097
95, 93,18.5000000000
95, 94,20.0172405242
95, 95,20.6034469604
95, 96,14.7965517044
95, 97,17.5379295349
95, 98,9.8344821929
95, 99,14.7103443145
95, 100,13.3206911087
96, 99,13.0758619308
96, 98,30.9241390228
96, 97,13.8689651489
96, 96,13.1517238616
96, 95,14.9344835281
96, 94,15.8931026458
96, 93,11.5206899642
96, 92,13.6551723480
96, 91,13.4689664840
96, 90,12.7827587127
96, 89,14.4448270797
96, 88,24.0758628845
96, 87,16.6000003814
96, 86,16.5482749938
96, 85,16.5586204528
96, 84,16.3103446960
96, 83,13.5551729202
96, 82,9.5965518951
96, 81,9.6482753753
96, 80,16.2793102264
96, 79,16.9862060546
96, 78,11.4758625030
96, 77,11.2517251968
96, 76,15.9862079620
96, 75,15.8586215972
96, 74,5.3448276519
96, 73,16.1275844573
96, 72,15.9551725387
96, 71,16.2482776641
96, 70,16.1793098449
96, 69,16.3034477233
96, 68,10.4862070083
96, 67,15.9827575683
96, 66,16.6000003814
96, 65,16.0068969726
96, 64,16.0103435516
96, 63,15.9172410964
96, 62,15.7724132537
96, 61,16.0206890106
96, 60,4.5379309654
96, 59,4.7931032180
96, 58,4.4620685577
96, 57,5.1999998092
96, 56,5.4034485816
96, 55,5.1965517997
96, 54,5.7586212158
96, 53,9.5068950653
96, 52,4.4793100357
96, 51,4.2896547317
96, 50,4.1275863647
96, 49,4.1827588081
96, 48,2.8344823837
96, 47,2.6793103218
96, 46,8.4034481048
96, 45,6.8758621215
96, 44,7.6206893920
96, 43,7.0620679855
96, 42,6.9206895828
96, 41,6.1965517997
96, 40,7.1413788795
97, 41,6.3655176162
97, 42,6.1517243385
97, 43,6.1862068176
97, 44,6.2413792610
97, 45,6.3793106079
97, 46,6.4655175209
97, 47,5.6689653396
97, 48,6.5137939453
97, 49,6.9551725387
97, 50,7.7586202621
97, 51,5.6206893920
97, 52,4.3448271751
97, 53,4.1999998092
97, 54,4.2103447914
97, 55,4.2137932777
97, 56,4.4068965911
97, 57,4.5172414779
97, 58,6.2379312515
97, 59,5.1827592849
97, 60,4.4413790702
97, 61,5.1275863647
97, 62,5.3000001907
97, 63,5.5448274612
97, 64,1.3413791656
97, 65,1.4000000953
97, 66,9.3517236709
97, 67,10.7448272705
97, 68,16.1000003814
97, 69,15.8758621215
97, 70,15.9689655303
97, 71,16.0241394042
97, 72,16.4689655303
97, 73,16.6172428131
97, 74,7.4827585220
97, 75,15.9965515136
97, 76,16.0551719665
97, 77,16.2172431945
97, 78,16.0655174255
97, 79,15.8758621215
97, 80,10.7344837188
97, 81,7.8862066268
97, 82,5.6310343742
97, 83,7.9724135398
97, 84,16.3068962097
97, 85,13.3137941360
97, 86,10.0620689392
97, 87,9.6999998092
97, 88,13.0965518951
97, 89,16.3551712036
97, 90,13.2724132537
97, 91,18.4310340881
97, 92,16.1793098449
97, 93,17.5586204528
97, 94,18.6034488677
97, 95,17.1517238616
97, 96,9.6896543502
97, 97,12.8034486770
97, 98,11.8586215972
97, 99,13.6965513229
97, 100,8.6655168533
98, 99,13.7620697021
98, 98,11.9310350418
98, 97,20.7482757568
98, 96,13.7689647674
98, 95,12.6689653396
98, 94,13.6241378784
98, 93,13.6103458404
98, 92,14.9758625030
98, 91,14.5310344696
98, 90,15.2310352325
98, 89,12.6413784027
98, 88,17.3344821929
98, 87,17.1482753753
98, 86,16.1241378784
98, 85,14.9137926101
98, 84,14.8275861740
98, 83,9.5689649581
98, 82,9.7344837188
98, 81,7.9620690345
98, 80,5.3517236709
98, 79,16.4758625030
98, 78,15.9310350418
98, 77,16.2448272705
98, 76,16.3344821929
98, 75,15.9275865554
98, 74,15.9724140167
98, 73,16.0172405242
98, 72,16.0379295349
98, 71,16.0482749938
98, 70,16.1241378784
98, 69,16.5034484863
98, 68,15.7827587127
98, 67,10.7206897735
98, 66,16.1206912994
98, 65,15.9862060546
98, 64,15.9862060546
98, 63,10.2655162811
98, 62,15.9172420501
98, 61,15.9310350418
98, 60,7.5344824790
98, 59,5.7827587127
98, 58,5.3413791656
98, 57,5.3689656257
98, 56,5.0103445053
98, 55,5.3689656257
98, 54,5.8448276519
98, 53,5.1172413825
98, 52,4.6068964004
98, 51,4.3931035995
98, 50,12.7586202621
98, 49,2.6517243385
98, 48,8.5206899642
98, 47,8.3586206436
98, 46,6.1448278427
98, 45,6.4517240524
98, 44,6.6931028366
98, 43,7.1862068176
98, 42,4.3068966865
98, 41,6.1793098449
98, 40,5.9827585220
99, 41,5.0896553993
99, 42,5.4413790702
99, 43,5.8793096542
99, 44,5.2034482955
99, 45,6.0379309654
99, 46,4.1137933731
99, 47,6.1999998092
99, 48,3.2206892967
99, 49,2.2137930393
99, 50,7.6103448867
99, 51,6.7931032180
99, 52,8.1103448867
99, 53,8.4724140167
99, 54,5.5689654350
99, 55,4.4137926101
99, 56,4.3827586174
99, 57,11.4620685577
99, 58,4.8724136352
99, 59,5.5241384506
99, 60,1.4931034088
99, 61,5.3965511322
99, 62,4.4965515136
99, 63,5.2724137306
99, 64,4.3965520858
99, 65,7.9620690345
99, 66,16.3068962097
99, 67,16.0137920379
99, 68,15.7482757568
99, 69,15.8827590942
99, 70,15.7793102264
99, 71,16.0793113708
99, 72,16.5758628845
99, 73,16.6965522766
99, 74,15.8551731109
99, 75,15.8241376876
99, 76,16.0172424316
99, 77,10.5724143981
99, 78,16.1965522766
99, 79,16.0137939453
99, 80,16.0344829559
99, 81,16.1827583312
99, 82,15.9379320144
99, 83,10.4137935638
99, 84,13.1965513229
99, 85,17.5482749938
99, 86,16.2413787841
99, 87,10.2068958282
99, 88,9.7275867462
99, 89,10.2034473419
99, 90,16.5517234802
99, 91,17.6172428131
99, 92,16.0034484863
99, 93,25.2241382598
99, 94,9.7275867462
99, 95,18.2758617401
99, 96,16.5931034088
99, 97,12.7448282241
99, 98,12.6931028366
99, 99,14.5344820022
99, 100,9.8551731109
100, 99,14.8551731109
100, 98,14.9275865554
100, 97,19.1482753753
100, 96,13.4551725387
100, 95,13.7310352325
100, 94,13.6172428131
100, 93,13.6344833374
100, 92,21.6620693206
100, 91,9.8034486770
100, 90,22.5034484863
100, 89,21.1068973541
100, 88,17.2103462219
100, 87,15.8689670562
100, 86,14.9275846481
100, 85,16.3379306793
100, 84,10.9689655303
100, 83,10.8000001907
100, 82,9.4586200714
100, 81,10.1034488677
100, 80,9.7931032180
100, 79,8.3379306793
100, 78,16.3965511322
100, 77,16.1689662933
100, 76,12.9206895828
100, 75,16.0068969726
100, 74,16.5620689392
100, 73,15.9793109893
100, 72,16.1689643859
100, 71,16.9931030273
100, 70,15.9931030273
100, 69,15.8275861740
100, 68,15.9793090820
100, 67,15.8724155426
100, 66,16.5827598571
100, 65,15.8862075805
100, 64,16.2068977355
100, 63,15.9448270797
100, 62,15.9137935638
100, 61,13.1862077713
100, 60,16.6172409057
100, 59,10.9068965911
100, 58,4.5827584266
100, 57,10.3827581405
100, 56,4.7551717758
100, 55,10.7275867462
100, 54,4.2620687484
100, 53,7.3655166625
100, 52,10.4931039810
100, 51,7.0310349464
100, 50,4.2620687484
100, 49,4.1724138259
100, 48,8.4206895828
100, 47,2.4827585220
100, 46,6.5655164718
100, 45,7.5482759475
100, 44,7.5137929916
100, 43,7.4586205482
100, 42,6.8275856971
100, 41,6.2517242431
100, 40,6.2862062454
101, 41,6.2344827651
101, 42,5.1068964004
101, 43,6.3310346603
101, 44,6.2896552085
101, 45,6.1896557807
101, 46,6.3379306793
101, 47,5.8724136352
101, 48,7.4965515136
101, 49,6.1344823837
101, 50,7.4931039810
101, 51,5.9068965911
101, 52,7.2896552085
101, 53,4.0862069129
101, 54,4.1620688438
101, 55,10.1206893920
101, 56,4.2965517044
101, 57,4.4586210250
101, 58,7.4241380691
101, 59,4.4931035041
101, 60,4.7068963050
101, 61,12.2068958282
101, 62,6.3310346603
101, 63,4.6931033134
101, 64,17.2275867462
101, 65,4.8379311561
101, 66,16.4689674377
101, 67,16.2413787841
101, 68,16.2310352325
101, 69,15.9206895828
101, 70,12.8965511322
101, 71,10.2310342788
101, 72,16.1689643859
101, 73,15.9241380691
101, 74,15.8724155426
101, 75,15.9068965911
101, 76,16.0034484863
101, 77,15.9137935638
101, 78,16.1862068176
101, 79,15.9068965911
101, 80,13.5620698928
101, 81,7.8551721572
101, 82,5.9344825744
101, 83,13.5827579498
101, 84,17.0931053161
101, 85,16.8620681762
101, 86,9.6862068176
101, 87,10.0000000000
101, 88,10.0827589035
101, 89,14.2758617401
101, 90,13.7931041717
101, 91,13.2241382598
101, 92,16.3965511322
101, 93,15.5551729202
101, 94,16.0482769012
101, 95,23.3827571868
101, 96,14.2448272705
101, 97,9.8310337066
101, 98,14.7137937545
101, 99,14.5517244338
101, 100,10.1413793563
102, 99,14.8827590942
102, 98,10.0793094635
102, 97,25.3413791656
102, 96,14.7103452682
102, 95,13.9551725387
102, 94,12.8620700836
102, 93,12.7310352325
102, 92,14.7931032180
102, 91,17.8310356140
102, 90,20.0137939453
102, 89,19.2068977355
102, 88,12.9724140167
102, 87,16.9379310607
102, 86,16.9896545410
102, 85,13.9068965911
102, 84,10.2551727294
102, 83,7.0379309654
102, 82,9.8896541595
102, 81,10.9137935638
102, 80,9.4172410964
102, 79,8.7931022644
102, 78,16.3103446960
102, 77,16.3827590942
102, 76,16.0103454589
102, 75,17.3034477233
102, 74,17.0724143981
102, 73,15.8310346603
102, 72,16.0482769012
102, 71,16.0310344696
102, 70,16.0137920379
102, 69,16.1000003814
102, 68,16.5482749938
102, 67,16.2793102264
102, 66,16.4206886291
102, 65,15.9827594757
102, 64,15.9482755661
102, 63,12.9206905364
102, 62,16.3034477233
102, 61,10.8551721572
102, 60,13.4724140167
102, 59,4.6034479141
102, 58,4.7068967819
102, 57,13.0586214065
102, 56,15.7275867462
102, 55,15.7275867462
102, 54,7.1793107986
102, 53,4.4344825744
102, 52,7.3310341835
102, 51,4.4034485816
102, 50,7.2862076759
102, 49,4.2551727294
102, 48,8.4344835281
102, 47,7.8068971633
102, 46,6.7965521812
102, 45,7.2689652442
102, 44,7.0137929916
102, 43,6.2758622169
102, 42,6.2344827651
102, 41,6.3862071037
102, 40,3.9482757568
103, 41,6.2896552085
103, 42,5.1999998092
103, 43,6.3310346603
103, 44,6.2275862693
103, 45,6.2172412872
103, 46,5.2241377830
103, 47,5.4482755661
103, 48,3.7620689868
103, 49,6.6379308700
103, 50,7.6965513229
103, 51,7.2655172348
103, 52,7.6206893920
103, 53,3.9172415733
103, 54,4.1758623123
103, 55,10.0137929916
103, 56,6.9793105125
103, 57,4.2724142074
103, 58,4.3379311561
103, 59,7.2172417640
103, 60,15.7482757568
103, 61,15.8862075805
103, 62,4.4758615493
103, 63,13.9482755661
103, 64,4.5931034088
103, 65,7.6068964004
103, 66,17.2206897735
103, 67,4.8413791656
103, 68,16.2827587127
103, 69,15.8999996185
103, 70,15.9724149703
103, 71,16.7448272705
103, 72,15.9172420501
103, 73,15.9103450775
103, 74,16.4413795471
103, 75,13.0551729202
103, 76,16.4793109893
103, 77,16.6413784027
103, 78,16.3137931823
103, 79,16.0758609771
103, 80,15.9862079620
103, 81,16.6206912994
103, 82,13.6068973541
103, 83,8.3310346603
103, 84,11.6862068176
103, 85,13.4931030273
103, 86,11.6931037902
103, 87,18.1275863647
103, 88,10.2551727294
103, 89,14.1931028366
103, 90,11.3206892013
103, 91,14.0862073898
103, 92,14.0034484863
103, 93,20.2758617401
103, 94,17.1586208343
103, 95,20.9413795471
103, 96,13.5137939453
103, 97,9.8103446960
103, 98,17.4620685577
103, 99,18.8413810729
103, 100,12.8275861740
104, 99,13.0689649581
104, 98,14.9862079620
104, 97,16.0793113708
104, 96,11.9517240524
104, 95,14.7793102264
104, 94,27.9689674377
104, 93,15.6586208343
104, 92,15.7137928009
104, 91,19.6931037902
104, 90,14.5275850296
104, 89,21.7655162811
104, 88,12.7586202621
104, 87,19.6793098449
104, 86,15.0689649581
104, 85,10.8724145889
104, 84,15.2689647674
104, 83,12.5137929916
104, 82,11.6344823837
104, 81,14.0206890106
104, 80,8.6724138259
104, 79,17.4344825744
104, 78,16.1344833374
104, 77,13.2724132537
104, 76,16.0758628845
104, 75,11.0000000000
104, 74,16.2448272705
104, 73,16.1103458404
104, 72,16.5068969726
104, 71,15.8689670562
104, 70,15.7862062454
104, 69,16.5000000000
104, 68,15.8517246246
104, 67,15.7793102264
104, 66,15.9034481048
104, 65,10.7103443145
104, 64,16.6931037902
104, 63,12.9586210250
104, 62,15.9586210250
104, 61,7.6103448867
104, 60,7.6482758522
104, 59,10.8000001907
104, 58,10.3310337066
104, 57,10.0862064361
104, 56,4.3379311561
104, 55,10.0206890106
104, 54,12.9448270797
104, 53,15.8896560668
104, 52,4.2965517044
104, 51,4.0620689392
104, 50,4.0655169486
104, 49,4.0689654350
104, 48,10.1724138259
104, 47,7.2551727294
104, 46,8.3413791656
104, 45,7.3620691299
104, 44,7.3034486770
104, 43,6.5172414779
104, 42,6.4620690345
104, 41,5.4517240524
104, 40,6.6137933731
105, 41,6.2344827651
105, 42,5.2965517044
105, 43,6.3241376876
105, 44,6.2482757568
105, 45,6.1793098449
105, 46,6.3827581405
105, 47,5.5862064361
105, 48,5.5172414779
105, 49,6.8896551132
105, 50,5.1793103218
105, 51,7.4896554946
105, 52,2.4344825744
105, 53,5.4827585220
105, 54,15.9275865554
105, 55,4.0724134445
105, 56,4.2620687484
105, 57,4.2413797378
105, 58,4.2413792610
105, 59,4.2551722526
105, 60,10.0172405242
105, 61,15.8344831466
105, 62,4.3620691299
105, 63,4.3793101310
105, 64,4.8620686531
105, 65,6.7586202621
105, 66,4.6620688438
105, 67,17.3448276519
105, 68,22.5931015014
105, 69,16.6551723480
105, 70,10.5758619308
105, 71,13.8000001907
105, 72,16.1448268890
105, 73,15.8689670562
105, 74,15.9206905364
105, 75,15.9758634567
105, 76,11.2586212158
105, 77,16.0379295349
105, 78,16.6551704406
105, 79,15.9103450775
105, 80,16.2068977355
105, 81,8.2689657211
105, 82,16.8896560668
105, 83,16.3689670562
105, 84,16.8275871276
105, 85,13.3724136352
105, 86,10.1896553039
105, 87,14.3448276519
105, 88,13.7103443145
105, 89,14.1931028366
105, 90,14.8310346603
105, 91,14.0448274612
105, 92,13.0241374969
105, 93,21.6586208343
105, 94,22.0586204528
105, 95,18.6827583312
105, 96,17.5551719665
105, 97,12.9206895828
105, 98,21.3034477233
105, 99,19.3275871276
105, 100,15.9172410964
106, 99,21.9137916564
106, 98,22.2655162811
106, 97,31.7310333251
106, 96,21.9965515136
106, 95,15.9827594757
106, 94,16.5482749938
106, 93,30.3655147552
106, 92,14.3413791656
106, 91,11.7413797378
106, 90,13.5000000000
106, 89,17.9758625030
106, 88,18.2344837188
106, 87,24.9827575683
106, 86,12.7689647674
106, 85,15.0068969726
106, 84,14.8034467697
106, 83,14.4827575683
106, 82,10.0517234802
106, 81,16.4413795471
106, 80,8.2206897735
106, 79,11.5241374969
106, 78,17.2586212158
106, 77,13.2827587127
106, 76,17.1344833374
106, 75,16.0103454589
106, 74,15.9655179977
106, 73,12.8931026458
106, 72,7.7620687484
106, 71,16.0931034088
106, 70,16.0241394042
106, 69,16.0482749938
106, 68,17.1724128723
106, 67,12.9551725387
106, 66,16.2655181884
106, 65,16.8034477233
106, 64,16.7793102264
106, 63,16.6379318237
106, 62,16.9448280334
106, 61,4.5379309654
106, 60,17.0413780212
106, 59,13.7517242431
106, 58,16.8965511322
106, 57,16.0275859832
106, 56,15.7689647674
106, 55,4.2965517044
106, 54,4.2379312515
106, 53,16.1137943267
106, 52,4.1517243385
106, 51,4.1137928962
106, 50,6.9862070083
106, 49,4.0689654350
106, 48,4.0862069129
106, 47,4.0793104171
106, 46,4.0586204528
106, 45,7.8241376876
106, 44,7.0758619308
106, 43,6.9758620262
106, 42,4.6034483909
106, 41,6.8758621215
106, 40,5.7620687484
107, 41,6.4241385459
107, 42,5.4689655303
107, 43,6.6068964004
107, 44,2.2655172348
107, 45,6.6413793563
107, 46,3.4689650535
107, 47,6.9034476280
107, 48,6.8482756614
107, 49,8.1896562576
107, 50,8.0275859832
107, 51,8.1551723480
107, 52,4.0379309654
107, 53,12.8758621215
107, 54,4.0655169486
107, 55,4.0620689392
107, 56,4.1965513229
107, 57,4.1689653396
107, 58,7.1344833374
107, 59,12.7344837188
107, 60,4.1551723480
107, 61,10.1827573776
107, 62,16.0413799285
107, 63,16.5137939453
107, 64,13.6310348510
107, 65,13.6965513229
107, 66,7.8620691299
107, 67,7.8068962097
107, 68,17.5827598571
107, 69,13.1896543502
107, 70,13.3758621215
107, 71,10.3517246246
107, 72,15.8620700836
107, 73,15.8999996185
107, 74,15.9586210250
107, 75,16.5103435516
107, 76,17.2448291778
107, 77,10.5965518951
107, 78,5.3827586174
107, 79,16.8551731109
107, 80,10.9241380691
107, 81,16.6310348510
107, 82,13.8068971633
107, 83,8.2275867462
107, 84,11.5862064361
107, 85,13.4517240524
107, 86,13.4965515136
107, 87,13.3517246246
107, 88,10.2758617401
107, 89,13.5137920379
107, 90,10.8689661026
107, 91,16.6689643859
107, 92,13.7206897735
107, 93,18.0724143981
107, 94,18.3862056732
107, 95,15.5379314422
107, 96,19.8517227172
107, 97,30.2241401672
107, 98,28.1103458404
107, 99,15.3620700836
107, 100,30.8689632415
108, 99,30.8103446960
108, 98,31.0620689392
108, 97,21.8586196899
108, 96,30.8206901550
108, 95,31.0896549224
108, 94,23.4034481048
108, 93,28.0896549224
108, 92,27.9172420501
108, 91,24.4689674377
108, 90,18.8206901550
108, 89,22.3034477233
108, 88,16.9344825744
108, 87,17.0517234802
108, 86,18.8999996185
108, 85,11.4034481048
108, 84,14.3275852203
108, 83,13.7413787841
108, 82,8.1827583312
108, 81,9.7413797378
108, 80,11.5551729202
108, 79,13.2413787841
108, 78,13.2655162811
108, 77,11.1793098449
108, 76,16.7517242431
108, 75,11.0172405242
108, 74,16.5758628845
108, 73,15.9310350418
108, 72,16.4448280334
108, 71,16.6551723480
108, 70,17.7448272705
108, 69,16.6965522766
108, 68,16.4241371154
108, 67,15.8620700836
108, 66,16.5000000000
108, 65,7.7931036949
108, 64,16.7999992370
108, 63,16.7862071990
108, 62,16.8965511322
108, 61,17.0482749938
108, 60,4.6275863647
108, 59,16.8344841003
108, 58,10.1999998092
108, 57,15.9379301071
108, 56,15.7413787841
108, 55,15.6793107986
108, 54,4.2482762336
108, 53,10.1034479141
108, 52,15.9724140167
108, 51,4.1413793563
108, 50,10.0862073898
108, 49,6.9689650535
108, 48,4.0862069129
108, 47,4.1034479141
108, 46,4.0620689392
108, 45,9.0000000000
108, 44,9.2965517044
108, 43,8.9448270797
108, 42,7.0517244338
108, 41,7.3586211204
108, 40,7.0206894874
109, 41,6.7517242431
109, 42,5.8206896781
109, 43,7.0068969726
109, 44,7.1034483909
109, 45,7.1862068176
109, 46,7.3206892013
109, 47,15.9275865554
109, 48,15.8620700836
109, 49,14.6034488677
109, 50,11.0586214065
109, 51,13.1275863647
109, 52,6.8793096542
109, 53,15.8068952560
109, 54,4.0620684623
109, 55,4.0275864601
109, 56,4.1034483909
109, 57,4.1517243385
109, 58,4.1275858879
109, 59,15.8517246246
109, 60,15.7758617401
109, 61,15.9586200714
109, 62,16.4034481048
109, 63,10.2482767105
109, 64,4.7275857925
109, 65,16.8724117279
109, 66,4.5586204528
109, 67,17.2896537780
109, 68,7.8206892013
109, 69,16.5448265075
109, 70,16.5137939453
109, 71,16.6793098449
109, 72,15.9103450775
109, 73,16.3999996185
109, 74,16.5344810485
109, 75,16.1620674133
109, 76,7.5793104171
109, 77,16.2689647674
109, 78,16.0000000000
109, 79,16.4206905364
109, 80,10.9758625030
109, 81,13.1034488677
109, 82,17.0655174255
109, 83,8.3137922286
109, 84,11.2103443145
109, 85,13.2965517044
109, 86,13.4517240524
109, 87,14.6793107986
109, 88,11.3172407150
109, 89,11.3655166625
109, 90,14.5413789749
109, 91,17.4793090820
109, 92,16.2379302978
109, 93,19.3068962097
109, 94,18.6896553039
109, 95,17.3034477233
109, 96,18.9655189514
109, 97,30.1620731353
109, 98,24.6000003814
109, 99,30.9689674377
109, 100,19.2000007629
110, 99,30.8068962097
110, 98,32.2931022644
110, 97,31.0206909179
110, 96,30.8827571868
110, 95,29.2482757568
110, 94,20.6068973541
110, 93,25.5344810485
110, 92,22.9517250061
110, 91,18.9758625030
110, 90,18.8034477233
110, 89,14.8655185699
110, 88,17.7931022644
110, 87,16.9482765197
110, 86,17.2482757568
110, 85,17.0620689392
110, 84,11.3517246246
110, 83,13.3793106079
110, 82,10.3517246246
110, 81,10.4793100357
110, 80,11.5931034088
110, 79,13.3931026458
110, 78,12.1586208343
110, 77,16.2862071990
110, 76,11.0344829559
110, 75,16.6034488677
110, 74,16.1862068176
110, 73,7.6724138259
110, 72,5.2482757568
110, 71,15.9655179977
110, 70,16.1103458404
110, 69,16.7413787841
110, 68,16.4103450775
110, 67,15.7482757568
110, 66,16.5034484863
110, 65,16.3862056732
110, 64,17.0275859832
110, 63,7.7068967819
110, 62,16.4413795471
110, 61,16.8689651489
110, 60,9.3724136352
110, 59,10.5965518951
110, 58,16.1068973541
110, 57,15.9206895828
110, 56,15.8896560668
110, 55,16.2999992370
110, 54,7.1827583312
110, 53,4.3517241477
110, 52,4.1448278427
110, 51,4.1448278427
110, 50,15.9827594757
110, 49,15.9965515136
110, 48,15.9931030273
110, 47,7.0448274612
110, 46,8.1999998092
110, 45,15.9758625030
110, 44,15.8931045532
110, 43,15.9551725387
110, 42,15.9275865554
110, 41,15.7482757568
110, 40,8.5241374969
111, 41,3.8034484863
111, 42,3.7379310131
111, 43,6.7862067222
111, 44,3.7482757568
111, 45,4.7241377830
111, 46,3.8517241477
111, 47,3.5827586650
111, 48,14.3448276519
111, 49,15.8793106079
111, 50,15.9275865554
111, 51,10.0137929916
111, 52,4.0620689392
111, 53,15.9965515136
111, 54,16.0172424316
111, 55,4.0931038856
111, 56,4.1620688438
111, 57,4.1655173301
111, 58,4.1620688438
111, 59,7.1827583312
111, 60,15.9482755661
111, 61,15.9275865554
111, 62,7.2241377830
111, 63,9.2551727294
111, 64,10.5758609771
111, 65,9.2517242431
111, 66,9.5655164718
111, 67,10.9827585220
111, 68,16.5000000000
111, 69,16.4482765197
111, 70,16.7655162811
111, 71,16.1034488677
111, 72,15.8172426223
111, 73,16.4724140167
111, 74,16.2448272705
111, 75,16.7448272705
111, 76,15.9103450775
111, 77,13.1655168533
111, 78,7.7310342788
111, 79,16.7413806915
111, 80,11.0172405242
111, 81,16.2172431945
111, 82,13.8000001907
111, 83,6.1793103218
111, 84,8.2413797378
111, 85,6.2241377830
111, 86,8.2034482955
111, 87,17.6344852447
111, 88,10.2275867462
111, 89,17.9862079620
111, 90,16.5551719665
111, 91,17.5862083435
111, 92,21.5896549224
111, 93,22.0034484863
111, 94,17.9793109893
111, 95,18.9068965911
111, 96,27.7689666748
111, 97,30.3172416687
111, 98,25.3379306793
111, 99,24.9448280334
111, 100,28.3448276519
112, 99,31.1655178070
112, 98,33.3758621215
112, 97,25.4068984985
112, 96,17.6206874847
112, 95,32.0137939453
112, 94,31.1965522766
112, 93,17.9241371154
112, 92,23.0206890106
112, 91,30.5241394042
112, 90,19.7827568054
112, 89,20.8758602142
112, 88,16.7413806915
112, 87,16.7275886535
112, 86,16.9000015258
112, 85,13.5310344696
112, 84,13.5310363769
112, 83,10.1310338973
112, 82,13.0965518951
112, 81,9.9517240524
112, 80,9.7655162811
112, 79,7.8344826698
112, 78,16.1206893920
112, 77,16.2999992370
112, 76,16.3344841003
112, 75,16.5103454589
112, 74,16.2724132537
112, 73,16.7275867462
112, 72,16.1620693206
112, 71,16.1724147796
112, 70,15.9758634567
112, 69,16.0965518951
112, 68,16.9275856018
112, 67,7.5620689392
112, 66,16.5103454589
112, 65,16.2931041717
112, 64,16.4758625030
112, 63,14.0344829559
112, 62,16.5068969726
112, 61,7.9896545410
112, 60,16.7793083190
112, 59,10.7620687484
112, 58,4.6551723480
112, 57,16.2206897735
112, 56,16.0862083435
112, 55,13.6551723480
112, 54,13.4172410964
112, 53,4.2413792610
112, 52,4.3206896781
112, 51,4.0655169486
112, 50,16.0586204528
112, 49,16.0103454589
112, 48,15.9827594757
112, 47,15.9310350418
112, 46,12.7931041717
112, 45,4.1103448867
112, 44,15.9344816207
112, 43,15.8862075805
112, 42,15.9344835281
112, 41,12.8034486770
112, 40,15.5137939453
113, 41,16.8344821929
113, 42,13.8551731109
113, 43,16.9448280334
113, 44,16.8793087005
113, 45,16.8862075805
113, 46,4.4586205482
113, 47,3.7413792610
113, 48,15.8482761383
113, 49,15.9793109893
113, 50,16.0000000000
113, 51,16.1000003814
113, 52,9.8965511322
113, 53,7.0793104171
113, 54,4.1482758522
113, 55,4.0482759475
113, 56,4.1517243385
113, 57,4.2379312515
113, 58,10.4620685577
113, 59,13.6862077713
113, 60,4.2827587127
113, 61,16.0241394042
113, 62,16.2724113464
113, 63,7.3517241477
113, 64,10.3517246246
113, 65,6.3482756614
113, 66,17.1551723480
113, 67,17.1241359710
113, 68,13.8034486770
113, 69,16.2931022644
113, 70,16.1862068176
113, 71,16.4413795471
113, 72,16.1206893920
113, 73,15.9413805007
113, 74,16.0344810485
113, 75,16.2965507507
113, 76,10.7172412872
113, 77,5.5068964958
113, 78,16.0275878906
113, 79,16.3551712036
113, 80,16.3241386413
113, 81,13.4827575683
113, 82,8.0793104171
113, 83,5.9310340881
113, 84,7.9068970680
113, 85,10.2379312515
113, 86,13.8482761383
113, 87,13.2931032180
113, 88,14.1448268890
113, 89,19.8482761383
113, 90,14.6000003814
113, 91,16.7655181884
113, 92,17.9896564483
113, 93,17.8034477233
113, 94,19.1586208343
113, 95,18.8310356140
113, 96,26.9862060546
113, 97,30.1896553039
113, 98,25.0793094635
113, 99,31.2344818115
113, 100,31.0206909179
114, 99,26.6689662933
114, 98,32.3448257446
114, 97,30.6620693206
114, 96,33.3068962097
114, 95,31.0275878906
114, 94,30.8724155426
114, 93,31.4620704650
114, 92,24.2827568054
114, 91,22.4827575683
114, 90,17.7310333251
114, 89,18.4275856018
114, 88,17.4896545410
114, 87,13.5000000000
114, 86,17.2620677947
114, 85,18.1344833374
114, 84,18.8689651489
114, 83,17.4137916564
114, 82,13.7448272705
114, 81,10.1793107986
114, 80,6.2413787841
114, 79,6.2172417640
114, 78,7.9034485816
114, 77,5.9310345649
114, 76,7.9034485816
114, 75,12.5517244338
114, 74,17.1586208343
114, 73,10.7275867462
114, 72,16.8862075805
114, 71,7.8586211204
114, 70,16.0275840759
114, 69,17.1103458404
114, 68,15.9758625030
114, 67,15.9620695114
114, 66,16.3241386413
114, 65,16.5241374969
114, 64,16.3551731109
114, 63,17.5275859832
114, 62,16.4172420501
114, 61,16.5689659118
114, 60,17.0655174255
114, 59,10.4103450775
114, 58,16.0310363769
114, 57,4.3965516090
114, 56,4.4379310607
114, 55,10.8448276519
114, 54,4.4103446006
114, 53,4.3206892013
114, 52,4.1448278427
114, 51,12.9620695114
114, 50,7.0896553993
114, 49,4.0862069129
114, 48,16.0310344696
114, 47,12.8172407150
114, 46,16.2103462219
114, 45,16.0344829559
114, 44,16.0551738739
114, 43,15.9344816207
114, 42,15.9068965911
114, 41,4.1586208343
114, 40,10.5827579498
115, 41,16.9448280334
115, 42,16.9172401428
115, 43,4.3103451728
115, 44,4.4137930870
115, 45,7.5172410011
115, 46,4.4034481048
115, 47,16.2827587127
115, 48,13.3586215972
115, 49,15.9551725387
115, 50,15.9310350418
115, 51,15.9793109893
115, 52,9.8206892013
115, 53,7.0344834327
115, 54,10.2068967819
115, 55,4.1344823837
115, 56,4.0793104171
115, 57,7.2413787841
115, 58,4.5586204528
115, 59,10.2068967819
115, 60,7.3896551132
115, 61,10.6000003814
115, 62,4.3586206436
115, 63,16.1758632659
115, 64,10.3413791656
115, 65,4.5275864601
115, 66,16.8965530395
115, 67,17.5103454589
115, 68,16.5275878906
115, 69,16.7931022644
115, 70,16.9172420501
115, 71,16.2034492492
115, 72,7.5827584266
115, 73,16.2896556854
115, 74,17.6000003814
115, 75,16.6827583312
115, 76,16.2551727294
115, 77,7.7413797378
115, 78,16.3000011444
115, 79,16.3896560668
115, 80,11.2379312515
115, 81,8.3206892013
115, 82,5.0827589035
115, 83,6.1482758522
115, 84,6.1310338973
115, 85,10.4551715850
115, 86,10.3413791656
115, 87,16.2172412872
115, 88,17.2034492492
115, 89,18.3586215972
115, 90,17.3689651489
115, 91,14.4482755661
115, 92,17.9620704650
115, 93,19.4068946838
115, 94,18.1793098449
115, 95,27.7827568054
115, 96,22.9793109893
115, 97,23.2586212158
115, 98,30.7517204284
115, 99,32.8068962097
115, 100,30.9551734924
116, 99,28.1827583312
116, 98,26.1551704406
116, 97,31.1896553039
116, 96,30.9551734924
116, 95,28.3206901550
116, 94,27.7413787841
116, 93,27.8206901550
116, 92,20.5931034088
116, 91,27.6241359710
116, 90,21.6758613586
116, 89,17.4827594757
116, 88,18.7999992370
116, 87,18.1931037902
116, 86,18.2793083190
116, 85,18.7344837188
116, 84,18.7000007629
116, 83,13.5000000000
116, 82,14.5827579498
116, 81,14.6517238616
116, 80,13.4137926101
116, 79,6.1206893920
116, 78,5.2103452682
116, 77,5.2241377830
116, 76,5.3379306793
116, 75,4.8103451728
116, 74,8.0172414779
116, 73,5.5758619308
116, 72,10.8689651489
116, 71,16.0241374969
116, 70,16.3620700836
116, 69,16.2827587127
116, 68,16.6241378784
116, 67,17.1241378784
116, 66,16.6931037902
116, 65,16.1068973541
116, 64,16.3344821929
116, 63,16.4482746124
116, 62,10.6275863647
116, 61,4.7275862693
116, 60,17.0896549224
116, 59,7.6689653396
116, 58,4.5586209297
116, 57,16.8827571868
116, 56,16.8793106079
116, 55,4.6689653396
116, 54,4.6448278427
116, 53,4.5482754707
116, 52,13.2896547317
116, 51,10.1862068176
116, 50,13.1000003814
116, 49,16.1034488677
116, 48,12.9793109893
116, 47,15.9620685577
116, 46,15.7275848388
116, 45,16.2103462219
116, 44,16.1137943267
116, 43,16.0448265075
116, 42,16.4448280334
116, 41,13.2620677947
116, 40,14.5517244338
117, 41,11.7448272705
117, 42,7.0551729202
117, 43,4.5482754707
117, 44,7.4620690345
117, 45,7.2275857925
117, 46,7.4827589988
117, 47,4.5172414779
117, 48,4.5344829559
117, 49,16.2793102264
117, 50,15.9551725387
117, 51,7.2655172348
117, 52,4.1482758522
117, 53,16.1241397857
117, 54,16.3344841003
117, 55,13.2068967819
117, 56,10.3655176162
117, 57,4.5896549224
117, 58,4.6758618354
117, 59,4.5689654350
117, 60,4.6758623123
117, 61,10.9344825744
117, 62,4.6689658164
117, 63,10.9206895828
117, 64,17.1344833374
117, 65,17.0758628845
117, 66,17.2103443145
117, 67,17.1000003814
117, 68,10.9620685577
117, 69,16.4137916564
117, 70,16.3137931823
117, 71,16.2758636474
117, 72,16.4689655303
117, 73,8.3586206436
117, 74,16.3862056732
117, 75,16.2689666748
117, 76,10.8103456497
117, 77,13.7758617401
117, 78,11.9965515136
117, 79,8.1965513229
117, 80,5.8896551132
117, 81,5.8310346603
117, 82,5.1551723480
117, 83,5.3413791656
117, 84,6.1551723480
117, 85,13.1551713943
117, 86,12.9586200714
117, 87,15.5620679855
117, 88,19.4965534210
117, 89,17.4310340881
117, 90,17.1689662933
117, 91,18.7000007629
117, 92,18.2620677947
117, 93,18.5000000000
117, 94,18.1655178070
117, 95,19.4586200714
117, 96,29.1275882720
117, 97,31.1655178070
117, 98,29.7655181884
117, 99,32.0689620971
117, 100,32.1931037902
118, 99,33.1379318237
118, 98,32.4482765197
118, 97,25.5689659118
118, 96,30.7999992370
118, 95,31.1241397857
118, 94,30.9758644104
118, 93,31.2551727294
118, 92,29.0206871032
118, 91,26.7862091064
118, 90,23.1862087249
118, 89,20.7931022644
118, 88,18.4448280334
118, 87,19.8275852203
118, 86,19.2586212158
118, 85,17.9827575683
118, 84,16.2965526580
118, 83,19.4137916564
118, 82,11.5206890106
118, 81,17.3862056732
118, 80,13.2620677947
118, 79,6.5896553993
118, 78,8.5793104171
118, 77,12.8965511322
118, 76,5.1310338973
118, 75,14.8586196899
118, 74,5.8310341835
118, 73,18.4965515136
118, 72,16.4413795471
118, 71,10.8758621215
118, 70,16.2137947082
118, 69,10.8965511322
118, 68,10.7620697021
118, 67,14.3689651489
118, 66,17.6172409057
118, 65,16.2931022644
118, 64,16.3275871276
118, 63,17.6655178070
118, 62,13.4172420501
118, 61,17.2999992370
118, 60,17.2620677947
118, 59,17.2827568054
118, 58,7.6586203575
118, 57,4.6482758522
118, 56,4.5793099403
118, 55,4.4724135398
118, 54,7.8034477233
118, 53,4.6551723480
118, 52,4.5689654350
118, 51,10.4758625030
118, 50,13.1827592849
118, 49,10.1724147796
118, 48,10.2344827651
118, 47,13.1827592849
118, 46,4.3827590942
118, 45,4.4103446006
118, 44,16.7620697021
118, 43,7.5965523719
118, 42,4.4275865554
118, 41,15.3413801193
118, 40,13.7551727294
119, 41,7.9137930870
119, 42,6.5000000000
119, 43,7.8689661026
119, 44,7.9517240524
119, 45,2.3482756614
119, 46,4.1517243385
119, 47,4.8034486770
119, 48,5.9379310607
119, 49,17.0000000000
119, 50,16.8793106079
119, 51,4.3620691299
119, 52,4.4448270797
119, 53,16.3896560668
119, 54,10.4517240524
119, 55,10.6103448867
119, 56,16.2241382598
119, 57,4.3000001907
119, 58,4.7655172348
119, 59,4.4827585220
119, 60,11.1551723480
119, 61,11.0448274612
119, 62,11.1758623123
119, 63,17.3827571868
119, 64,4.5379309654
119, 65,17.4344825744
119, 66,17.3482761383
119, 67,17.1793098449
119, 68,16.8758621215
119, 69,17.4206905364
119, 70,17.8137931823
119, 71,14.9172410964
119, 72,5.5448274612
119, 73,17.4482765197
119, 74,13.4931049346
119, 75,17.5310344696
119, 76,8.8000001907
119, 77,12.1413784027
119, 78,5.1551723480
119, 79,5.0999994277
119, 80,5.9034485816
119, 81,9.0758619308
119, 82,8.6344833374
119, 83,6.3379311561
119, 84,14.3999996185
119, 85,13.3965511322
119, 86,19.0482749938
119, 87,19.8310337066
119, 88,16.8551731109
119, 89,19.6827583312
119, 90,18.7344837188
119, 91,21.1344833374
119, 92,22.4137916564
119, 93,19.9827594757
119, 94,31.0758609771
119, 95,23.1482753753
119, 96,30.8241386413
119, 97,24.9206905364
119, 98,29.7206916809
119, 99,31.6551761627
119, 100,31.6172428131
120, 99,32.5620689392
120, 98,27.7482757568
120, 97,33.7068977355
120, 96,32.1931037902
120, 95,31.8620700836
120, 94,32.9586181640
120, 93,28.4827575683
120, 92,30.1896553039
120, 91,31.6862068176
120, 90,27.8448276519
120, 89,20.6620693206
120, 88,18.2241382598
120, 87,18.2379302978
120, 86,20.9172401428
120, 85,20.8931026458
120, 84,17.3724136352
120, 83,18.2413806915
120, 82,18.3827571868
120, 81,18.5965518951
120, 80,13.4275875091
120, 79,14.4413805007
120, 78,16.8793106079
120, 77,6.1275863647
120, 76,16.9517250061
120, 75,5.9379310607
120, 74,5.8655171394
120, 73,16.8758640289
120, 72,5.6758618354
120, 71,8.7586202621
120, 70,13.1965513229
120, 69,8.8931026458
120, 68,13.4965515136
120, 67,17.0482769012
120, 66,8.5137920379
120, 65,11.2724132537
120, 64,17.7965507507
120, 63,7.7862067222
120, 62,5.0551719665
120, 61,5.1275858879
120, 60,5.0896549224
120, 59,4.9172410964
120, 58,4.8965516090
120, 57,4.4931035041
120, 56,10.9241380691
120, 55,11.0586204528
120, 54,17.1896553039
120, 53,17.1551723480
120, 52,17.0344810485
120, 51,10.6103439331
120, 50,16.4689674377
120, 49,16.4793090820
120, 48,16.5896568298
120, 47,13.5482759475
120, 46,4.6517238616
120, 45,17.0103454589
120, 44,4.7448277473
120, 43,7.7344827651
120, 42,7.9137926101
120, 41,4.6482753753
120, 40,5.8586206436
121, 41,3.7586205005
121, 42,5.2827587127
121, 43,2.9482757568
121, 44,3.9931035041
121, 45,2.7413792610
121, 46,8.0896549224
121, 47,10.0689649581
121, 48,9.9793109893
121, 49,10.0758619308
121, 50,8.8931026458
121, 51,4.5275864601
121, 52,16.7413787841
121, 53,4.6586203575
121, 54,10.4896554946
121, 55,10.5103445053
121, 56,7.3896560668
121, 57,17.0000000000
121, 58,17.0999984741
121, 59,17.1034488677
121, 60,17.0965518951
121, 61,4.6448278427
121, 62,11.2206897735
121, 63,4.6206893920
121, 64,4.8896551132
121, 65,4.8413791656
121, 66,4.6999998092
121, 67,14.0482740402
121, 68,7.9379310607
121, 69,8.3275852203
121, 70,5.3000001907
121, 71,14.5241374969
121, 72,8.5172414779
121, 73,13.8586215972
121, 74,5.1896543502
121, 75,13.7517242431
121, 76,10.5206899642
121, 77,5.9103450775
121, 78,15.9310350418
121, 79,5.8965516090
121, 80,12.9379301071
121, 81,15.4965515136
121, 82,9.1655178070
121, 83,6.4482755661
121, 84,16.5655174255
121, 85,19.6758613586
121, 86,19.3999996185
121, 87,17.4275856018
121, 88,17.5689659118
121, 89,18.7862052917
121, 90,18.8965511322
121, 91,18.9655189514
121, 92,21.8793106079
121, 93,23.0275859832
121, 94,28.4827613830
121, 95,22.9241371154
121, 96,30.0620689392
121, 97,31.9034481048
121, 98,31.7000007629
121, 99,31.3206901550
121, 100,31.5206909179
122, 99,32.8275871276
122, 98,41.1689682006
122, 97,26.3172397613
122, 96,31.8034477233
122, 95,31.5655174255
122, 94,31.6206912994
122, 93,31.6931037902
122, 92,31.8896541595
122, 91,32.2241363525
122, 90,27.9137935638
122, 89,26.1482753753
122, 88,18.7034492492
122, 87,18.7655181884
122, 86,19.7172393798
122, 85,18.6724128723
122, 84,20.3482761383
122, 83,21.6758613586
122, 82,19.5344810485
122, 81,19.3896560668
122, 80,20.3344841003
122, 79,19.4206886291
122, 78,19.1724128723
122, 77,6.6413788795
122, 76,19.2862071990
122, 75,10.6068973541
122, 74,17.6896553039
122, 73,5.4517240524
122, 72,12.7931032180
122, 71,9.1655168533
122, 70,9.1379308700
122, 69,5.9793105125
122, 68,5.3551721572
122, 67,5.2448272705
122, 66,8.3896551132
122, 65,5.0310349464
122, 64,5.6724138259
122, 63,5.0379304885
122, 62,5.3620691299
122, 61,5.1206893920
122, 60,11.3413791656
122, 59,8.0758619308
122, 58,8.0413799285
122, 57,5.0034484863
122, 56,5.0517239570
122, 55,17.0551719665
122, 54,13.8275861740
122, 53,17.0482749938
122, 52,16.9137935638
122, 51,13.5482759475
122, 50,16.5827598571
122, 49,10.6827583312
122, 48,17.1034488677
122, 47,16.9034481048
122, 46,17.2206878662
122, 45,4.9344830513
122, 44,4.8172411918
122, 43,4.6517238616
122, 42,4.9862070083
122, 41,10.3448276519
122, 40,10.5586204528
123, 41,4.0413794517
123, 42,7.7586202621
123, 43,5.3689656257
123, 44,2.3448274135
123, 45,2.3965516090
123, 46,8.3655176162
123, 47,8.7827577590
123, 48,10.0413799285
123, 49,10.0655174255
123, 50,7.9344835281
123, 51,4.9379310607
123, 52,4.6517238616
123, 53,10.8827581405
123, 54,7.6724128723
123, 55,13.3965511322
123, 56,16.8689651489
123, 57,17.0551719665
123, 58,17.0551719665
123, 59,16.9896545410
123, 60,4.6068964004
123, 61,5.0206894874
123, 62,7.9689660072
123, 63,14.0241374969
123, 64,11.3931035995
123, 65,17.5689659118
123, 66,8.0517244338
123, 67,11.5482769012
123, 68,5.0586204528
123, 69,8.2931032180
123, 70,4.9758620262
123, 71,8.5620689392
123, 72,5.2655167579
123, 73,5.5620689392
123, 74,17.8310337066
123, 75,12.9758625030
123, 76,12.1724138259
123, 77,19.6137924194
123, 78,5.4896554946
123, 79,16.1310348510
123, 80,10.7137928009
123, 81,15.3413791656
123, 82,14.9482755661
123, 83,18.8862056732
123, 84,20.1034488677
123, 85,20.3758602142
123, 86,21.2034492492
123, 87,18.2000007629
123, 88,23.6344833374
123, 89,22.4344825744
123, 90,19.7896537780
123, 91,19.9241390228
123, 92,18.8689670562
123, 93,29.4241371154
123, 94,31.3034477233
123, 95,31.7517242431
123, 96,29.8206882476
123, 97,31.6344814300
123, 98,32.1103439331
123, 99,31.6931037902
123, 100,33.1137924194
124, 99,37.6413803100
124, 98,36.6448287963
124, 97,36.7068977355
124, 96,37.9551734924
124, 95,32.5931053161
124, 94,32.1862068176
124, 93,29.5862064361
124, 92,32.1758613586
124, 91,24.9034481048
124, 90,31.3310356140
124, 89,31.5172424316
124, 88,25.0275859832
124, 87,20.6586208343
124, 86,19.8999996185
124, 85,22.6517219543
124, 84,21.1931037902
124, 83,19.7793083190
124, 82,20.3931045532
124, 81,20.5137939453
124, 80,18.9655170440
124, 79,19.7517242431
124, 78,14.9206895828
124, 77,15.0724134445
124, 76,19.6344833374
124, 75,12.7551717758
124, 74,9.5206890106
124, 73,17.5068988800
124, 72,6.2448272705
124, 71,18.6000003814
124, 70,5.4724140167
124, 69,15.8827571868
124, 68,5.9827585220
124, 67,15.2206897735
124, 66,5.1172413825
124, 65,5.4965515136
124, 64,5.3689651489
124, 63,11.1724138259
124, 62,11.3758611679
124, 61,4.8172411918
124, 60,8.1482763290
124, 59,5.2172417640
124, 58,4.8000001907
124, 57,5.0896553993
124, 56,7.8413796424
124, 55,4.7999997138
124, 54,17.1551723480
124, 53,17.1068973541
124, 52,16.8758621215
124, 51,4.6482758522
124, 50,4.6758623123
124, 49,17.2379302978
124, 48,17.4034481048
124, 47,7.9724135398
124, 46,4.9896554946
124, 45,5.0241374969
124, 44,4.9551720619
124, 43,5.0413789749
124, 42,7.9310340881
124, 41,4.6827583312
124, 40,17.0620689392
125, 41,6.3827586174
125, 42,12.9068965911
125, 43,8.4896545410
125, 44,11.3793106079
125, 45,9.9931039810
125, 46,16.0310363769
125, 47,13.3379306793
125, 48,4.6758618354
125, 49,11.2068967819
125, 50,4.6655168533
125, 51,4.8172411918
125, 52,7.9344825744
125, 53,4.9241380691
125, 54,10.9931039810
125, 55,4.7793102264
125, 56,4.7172408103
125, 57,10.9862070083
125, 58,5.0034480094
125, 59,5.0137929916
125, 60,4.8862066268
125, 61,8.0620689392
125, 62,8.0999994277
125, 63,8.2172412872
125, 64,8.2724132537
125, 65,11.6689662933
125, 66,11.6551723480
125, 67,5.3310346603
125, 68,5.3172411918
125, 69,5.4379310607
125, 70,5.6275863647
125, 71,14.9517240524
125, 72,8.6965503692
125, 73,8.7827587127
125, 74,5.8275861740
125, 75,6.1896548271
125, 76,9.0034475326
125, 77,6.1793107986
125, 78,8.6000003814
125, 79,15.3655166625
125, 80,12.8517246246
125, 81,12.0344829559
125, 82,20.5551719665
125, 83,20.7206897735
125, 84,21.4586219787
125, 85,20.5103454589
125, 86,18.1931037902
125, 87,20.7793121337
125, 88,22.1275863647
125, 89,20.0827579498
125, 90,23.5724124908
125, 91,18.5586204528
125, 92,20.6482753753
125, 93,32.4931030273
125, 94,31.2724113464
125, 95,31.2999992370
125, 96,28.2068977355
125, 97,31.7379302978
125, 98,33.5275840759
125, 99,33.7275886535
125, 100,32.1517219543
126, 99,41.7206878662
126, 98,33.7931022644
126, 97,38.1275863647
126, 96,41.7206916809
126, 95,41.8655166625
126, 94,34.1275863647
126, 93,30.3896579742
126, 92,31.9103450775
126, 91,31.2551727294
126, 90,25.8827571868
126, 89,29.4827613830
126, 88,27.5413818359
126, 87,23.6068992614
126, 86,18.8862056732
126, 85,18.7586212158
126, 84,22.2689647674
126, 83,20.6241359710
126, 82,20.6655178070
126, 81,23.2586212158
126, 80,21.4103450775
126, 79,20.2999992370
126, 78,19.9689655303
126, 77,15.9482755661
126, 76,13.5862073898
126, 75,15.5448274612
126, 74,19.9689674377
126, 73,14.7827577590
126, 72,12.8620681762
126, 71,9.1965513229
126, 70,12.7999982833
126, 69,19.3551731109
126, 68,19.1448268890
126, 67,12.2172412872
126, 66,8.6379299163
126, 65,12.1517248153
126, 64,5.7344827651
126, 63,11.7931041717
126, 62,5.4586205482
126, 61,14.5206890106
126, 60,14.5344829559
126, 59,18.0551719665
126, 58,8.2482757568
126, 57,17.7344837188
126, 56,7.9517235755
126, 55,7.8862066268
126, 54,4.9862065315
126, 53,5.0689649581
126, 52,14.1137924194
126, 51,7.7724137306
126, 50,13.8068971633
126, 49,7.9655165672
126, 48,5.1206898689
126, 47,5.1827588081
126, 46,5.0241379737
126, 45,5.2241377830
126, 44,7.9551720619
126, 43,6.1448273658
126, 42,7.9586205482
126, 41,13.1793088912
126, 40,12.8793106079
127, 41,15.9793109893
127, 42,13.1310329437
127, 43,16.0724143981
127, 44,15.9517240524
127, 45,15.9965534210
127, 46,15.6862077713
127, 47,15.7206897735
127, 48,7.6655173301
127, 49,10.7793102264
127, 50,8.0172414779
127, 51,17.7241382598
127, 52,5.1172413825
127, 53,8.1551723480
127, 54,5.2034482955
127, 55,17.2793102264
127, 56,11.2413797378
127, 57,5.1206898689
127, 58,4.6896553039
127, 59,5.0862069129
127, 60,8.1379308700
127, 61,17.7517242431
127, 62,8.3482761383
127, 63,8.2379302978
127, 64,14.5793104171
127, 65,14.5379304885
127, 66,8.4137926101
127, 67,5.5241379737
127, 68,5.0344829559
127, 69,15.2758607864
127, 70,18.4965496063
127, 71,8.5862064361
127, 72,18.6965522766
127, 73,5.5379304885
127, 74,18.8310356140
127, 75,19.4862098693
127, 76,6.2620687484
127, 77,9.5103454589
127, 78,6.7793107032
127, 79,19.7793102264
127, 80,16.7827587127
127, 81,16.7413806915
127, 82,19.7896537780
127, 83,21.3862056732
127, 84,20.0482749938
127, 85,20.3034477233
127, 86,19.5275840759
127, 87,22.3931026458
127, 88,21.3137931823
127, 89,22.2206897735
127, 90,23.7310333251
127, 91,22.1827602386
127, 92,31.7379302978
127, 93,31.6931037902
127, 94,31.4965515136
127, 95,27.7965545654
127, 96,24.5379314422
127, 97,31.8241386413
127, 98,33.2689628601
127, 99,31.7931022644
127, 100,33.8517227172
128, 99,25.5655174255
128, 98,42.3827590942
128, 97,39.5517196655
128, 96,48.4724121093
128, 95,36.4724121093
128, 94,33.7275886535
128, 93,35.1896553039
128, 92,32.1655197143
128, 91,31.2655143737
128, 90,32.6172409057
128, 89,31.8655147552
128, 88,31.3068962097
128, 87,29.5758609771
128, 86,26.0965518951
128, 85,22.5241394042
128, 84,23.7758636474
128, 83,22.2310352325
128, 82,23.8172416687
128, 81,19.4413795471
128, 80,21.5793113708
128, 79,20.8758621215
128, 78,20.8896541595
128, 77,20.7241382598
128, 76,20.6103458404
128, 75,20.0068969726
128, 74,13.3000001907
128, 73,19.7620677947
128, 72,13.3862056732
128, 71,6.3241376876
128, 70,6.2793107032
128, 69,6.1172413825
128, 68,12.7137928009
128, 67,6.0068960189
128, 66,5.8655176162
128, 65,5.8620686531
128, 64,5.3000001907
128, 63,5.8758621215
128, 62,8.4862070083
128, 61,8.4551715850
128, 60,17.7999992370
128, 59,11.5793113708
128, 58,8.3862066268
128, 57,8.4034481048
128, 56,8.1275863647
128, 55,8.1827583312
128, 54,8.1000003814
128, 53,14.2172412872
128, 52,17.4172401428
128, 51,5.1965513229
128, 50,5.1724138259
128, 49,11.3724136352
128, 48,11.3862066268
128, 47,7.9275865554
128, 46,14.2310352325
128, 45,11.3999996185
128, 44,13.9206895828
128, 43,8.0586194992
128, 42,8.0310344696
128, 41,16.6000022888
128, 40,15.7103452682
129, 41,12.5517244338
129, 42,16.7448272705
129, 43,16.3068962097
129, 44,16.6551723480
129, 45,16.0034484863
129, 46,15.8724136352
129, 47,15.8586215972
129, 48,15.9620695114
129, 49,11.1103448867
129, 50,17.1068973541
129, 51,5.3931035995
129, 52,8.3448276519
129, 53,5.2758622169
129, 54,5.4586210250
129, 55,8.2655172348
129, 56,5.3551721572
129, 57,11.7310352325
129, 58,17.8137931823
129, 59,13.9931030273
129, 60,8.1344823837
129, 61,18.2000007629
129, 62,18.2137928009
129, 63,18.0551719665
129, 64,17.9655189514
129, 65,8.4724140167
129, 66,8.6068964004
129, 67,5.6586208343
129, 68,5.7724137306
129, 69,5.7689657211
129, 70,12.1862077713
129, 71,5.8344826698
129, 72,5.8620691299
129, 73,15.6586198806
129, 74,6.4275856018
129, 75,6.2137932777
129, 76,9.3206892013
129, 77,13.4344835281
129, 78,14.4896545410
129, 79,16.9103431701
129, 80,17.2068958282
129, 81,21.0310325622
129, 82,20.7172412872
129, 83,21.0551719665
129, 84,20.8275871276
129, 85,21.8413791656
129, 86,23.3413791656
129, 87,20.6965522766
129, 88,22.3206901550
129, 89,22.5034484863
129, 90,27.5275840759
129, 91,29.4379310607
129, 92,31.2448310852
129, 93,31.8448276519
129, 94,31.1310329437
129, 95,31.6965522766
129, 96,32.3103446960
129, 97,31.9586219787
129, 98,33.3586196899
129, 99,33.6241340637
129, 100,38.7999992370
